full_name,player_id,id_ourlads,id_sharks
Aaron Bailey,4683,,
Aaron Burbridge,3368,,
Aaron Dobson,1365,,
Aaron Dykes,11548,,
Aaron Fuller,6967,,
Aaron Green,3471,,
Aaron Hernandez,516,,
Aaron Jones,4199,Aaron Jones,Aaron Jones
Aaron Lacombe,5772,,
Aaron Murray,2019,,
Aaron Parker,7091,,
Aaron Peck,4384,,
Aaron Robinson,,Aaron Robinson,
Aaron Rodgers,96,Aaron Rodgers,Aaron Rodgers
Aaron Shampklin,8809,,
Aaron Smith,7512,,
Abou Toure,2698,,
Abraham Beauplan,,Abraham Beauplan,
Abram Smith,8190,,
Aca'Cedric Ware,6187,,
Ace Sanders,1450,,
Adam Choice,6491,,
Adam Drake,3033,,
Adam Fuehne,3712,,
Adam Humphries,2822,,
Adam Prentice,,,Adam Prentice
Adam Shaheen,4085,,
Adam Thielen,1689,Adam Thielen,Adam Thielen
Adam Trautman,6869,Adam Trautman,Adam Trautman
Adam Vinatieri,120,,
Adam Zaruba,4768,,
Adetokunbo Ogundeji,,Adetokunbo Ogundeji,
Adonis Jennings,5129,,
Adrian Coxson,2929,,
Adrian Killins,7093,,
Adrian Martinez,11065,,
Adrian Peterson,184,,
Adrien Robinson,1165,,
Ahmad Bradshaw,78,,
Ahmad Fulwood,4929,,
Ahmad Wagner,7228,,
Aidan O'Connell,10866,Aidan O'Connell,
Aj Brown,5859,Aj Brown,Aj Brown
Aj Cole,6555,,Aj Cole
Aj Cruz,2701,,
Aj Derby,2503,,
Aj Dillon,6828,Aj Dillon,Aj Dillon
Aj Green,830,,
Aj Hines,7074,,
Aj Hughes,4912,,
Aj Jenkins,1226,,
Aj Mccarron,1895,,
Aj Ouellette,6664,,
Aj Parker,,Aj Parker,
Aj Richardson,6373,,
Aj Rose,7918,,
Akeem Hunt,2731,,
Akeem Judd,4707,,
Akrum Wadley,5195,,
Al Riles,4937,,
Alan Bonner,1424,,
Albert Okwuegbunam,6843,Albert Okwuegbunam,Albert Okwuegbunam
Albert Wilson,2025,,
Aldrick Robinson,919,,
Aldrick Rosas,3827,,
Alec Bloom,5385,,
Alec Ingold,,,Alec Ingold
Alec Pierce,8142,Alec Pierce,Alec Pierce
Alek Torgersen,4307,,
Aleva Hifo,7235,,
Alex Bachman,6386,,
Alex Barnes,6031,,
Alex Bayer,2225,,
Alex Chisum,3935,,
Alex Collins,3327,,
Alex Ellis,3824,,
Alex Erickson,3433,,
Alex Gray,4733,,
Alex Kessman,7933,,
Alex Mcgough,5124,,
Alex Palczewski,,Alex Palczewski,
Alex Quevedo,10858,,
Alex Smith,661,,
Alex Smith,268,,
Alex Tanney,1262,,
Alex Wesley,6163,,
Alex Wright,,Alex Wright,
Alexander Armah,,,
Alexander Hollins,6381,,
Alexander Mattison,5987,Alexander Mattison,Alexander Mattison
Alfonzo Graham,11472,Alfonzo Graham,
Alfred Blue,1944,,
Alfred Morris,1170,,
Alize Mack,5975,Alize Mack,
Allen Hurns,1984,,
Allen Lazard,5185,Allen Lazard,Allen Lazard
Allen Reisner,942,,
Allen Robinson,1992,Allen Robinson,Allen Robinson
Allenzae Staggers,5802,,
Alonzo Harris,2766,,
Alonzo Moore,4494,,
Alonzo Russell,3420,,
Alshon Jeffery,1149,,
Alstevis Squirewell,3811,,
Alvin Kamara,4035,Alvin Kamara,
Amara Darboh,4139,,
Amari Cooper,2309,Amari Cooper,Amari Cooper
Amari Rodgers,7540,,
Amba Etta-Tawo,4626,,
Amechi Uzodinma,,Amechi Uzodinma,
Ameer Abdullah,2359,Ameer Abdullah,Ameer Abdullah
Amir Carlisle,3606,,
Amon-Ra St,7547,Amon-Ra St,Amon-Ra St
Anas Hasic,4928,,
Anders Carlson,11008,Anders Carlson,Anders Carlson
Andre Baccellia,7233,,
Andre Caldwell,148,,
Andre Davis,2601,,
Andre Debose,2520,,
Andre Ellington,1575,,
Andre Holmes,940,,
Andre Johnson,92,,
Andre Levrone,5249,,
Andre Lindsey,6617,,
Andre Patton,4669,,
Andre Roberts,627,,
Andre Szmyt,11261,,
Andre Williams,2088,,
Andrei Iosivas,10226,Andrei Iosivas,
Andrew Beck,6323,,Andrew Beck
Andrew Dowell,,Andrew Dowell,
Andrew Franks,2683,,
Andrew Furney,2286,,
Andrew Gleichert,2756,,
Andrew Hawkins,831,,
Andrew Jacas,6702,,
Andrew Luck,1111,,
Andrew Mevis,8775,,
Andrew Ogletree,8489,,
Andrew Opoku,3948,,
Andrew Parchment,8572,,
Andrew Peacock,2125,,
Andrew Price,4832,,
Andrew Quarless,601,,
Andrew Trainer,,Andrew Trainer,
Andrew Turzilli,2804,,
Andrew Vollert,5156,,
Andrew Vorhees,,Andrew Vorhees,
Andrew Wellock,6703,,
Andrew Whitaker,,Andrew Whitaker,
Andy Dalton,829,Andy Dalton,Andy Dalton
Andy Isabella,5915,,
Andy Jones,3702,,
Andy Lee,112,,
Andy Phillips,4555,,
Andy Tanner,173,,
Anquan Boldin,655,,
Anthony Boone,2561,,
Anthony Brown,8241,,
Anthony Dable,3148,,
Anthony Denham,1948,,
Anthony Dixon,727,,
Anthony Ezeakunne,2971,,
Anthony Fasano,51,,
Anthony Firkser,4435,,
Anthony Gordon,6898,,
Anthony Johnson,5929,,
Anthony Jones,7424,,
Anthony Kelly,3593,,
Anthony Mahoungou,5612,,
Anthony Manzo-Lewis,5358,,
Anthony Mccoy,640,,
Anthony Mcfarland,6878,Anthony Mcfarland,Anthony Mcfarland
Anthony Miller,5013,,
Anthony Nash,4585,,
Anthony Ratliff-Williams,5984,,
Anthony Richardson,9229,Anthony Richardson,Anthony Richardson
Anthony Schwartz,7533,Anthony Schwartz,
Anthony Sherman,973,,
Anthony Turner,8813,,
Antoine Green,11053,Antoine Green,Antoine Green
Antoine Wesley,6165,,
Antone Smith,609,,
Antonio Andrews,1928,,
Antonio Brown,536,,
Antonio Callaway,5310,,
Antonio Gandy-Golden,6906,,
Antonio Gates,322,,
Antonio Gibson,6945,Antonio Gibson,Antonio Gibson
Antonio Nunn,7744,,
Antonio Williams,7203,,
Antony Auclair,4468,,
Antwaan Randle,226,,
Antwan Goodley,2593,,
Antwane Grant,3690,,
Ardarius Stewart,4119,,
Arian Foster,669,,
Arizona Cardinals,ARI,,Arizona Cardinals
Armani Rogers,8665,Armani Rogers,
Armanti Foreman,5401,,
Armon Binns,860,,
Aron Cruickshank,11267,,
Arrelious Benn,618,,
Arryn Siposs,7261,,
Artavis Pierce,7227,,
Artavis Scott,4670,,
Artayvious Lynn,7864,,
Arthur Lynch,1827,,
Arthur Williams,3031,,
Asante Cleveland,2254,,
Ashton Dulin,6427,Ashton Dulin,
At Perry,10863,At Perry,
Atlanta Falcons,ATL,,Atlanta Falcons
Auden Tate,5130,,
Austin Allen,5286,,
Austin Allen,8215,,
Austin Appleby,4931,,
Austin Aune,11491,,
Austin Barnard,5617,,
Austin Carr,4416,,
Austin Corbett,,Austin Corbett,
Austin Davis,1200,,
Austin Duke,4358,,
Austin Ekeler,4663,Austin Ekeler,Austin Ekeler
Austin Faoliu,,Austin Faoliu,
Austin Fort,6396,,
Austin Hill,2584,,
Austin Hooper,3202,Austin Hooper,Austin Hooper
Austin Macginnis,7095,,
Austin Mack,6873,,
Austin Pettis,966,,
Austin Proehl,5126,,
Austin Rehkow,4540,,
Austin Roberts,5751,,
Austin Seferian-Jenkins,2222,,
Austin Seibert,6219,,
Austin Trainor,3953,,
Austin Trammell,7746,,
Austin Traylor,3878,,
Austin Walter,6553,Austin Walter,
Austin Watkins,7579,,
Austin Willis,2908,,
Austin Wolf,5796,,
Avery Davis,11544,,
Avery Williams,7809,Avery Williams,
Avius Capers,3007,,
Bailey Gaither,7885,,
Bailey Zappe,8157,,
Baker Mayfield,4892,Baker Mayfield,Baker Mayfield
Baltimore Ravens,BAL,,Baltimore Ravens
Baron Browning,,Baron Browning,
Barrett Burns,4744,,
Bart Houston,4728,,
Baylon Spector,,Baylon Spector,
Bear Pascoe,502,,
Beau Gardner,2909,,
Beau Sandland,3407,,
Ben Beise,8864,,
Ben Braunecker,3465,,
Ben Dinucci,7143,,
Ben Edwards,2907,,
Ben Ellefson,7288,,
Ben Hartsock,468,,
Ben Johnson,5268,,
Ben Koyack,2528,,
Ben Malena,2065,,
Ben Mccord,3887,,
Ben Obomanu,243,,
Ben Roberts,3873,,
Ben Roethlisberger,138,,
Ben Sims,11082,Ben Sims,
Ben Skowronek,7757,Ben Skowronek,Ben Skowronek
Ben Tate,1004,,
Ben Turk,4890,,
Benjamin Watson,663,,
Benjarvus Green-Ellis,5820,,
Bennie Fowler,2003,,
Benny Cunningham,1564,,
Benny Lemay,7048,,
Benny Snell,6156,,
Benson Browne,3896,,
Bernard Pierce,1263,,
Bernard Reedy,2175,,
Bernhard Seikovits,8033,,
Bijan Robinson,9509,Bijan Robinson,Bijan Robinson
Bilal Powell,818,,
Billy Bajema,450,,
Billy Brown,4650,,
Billy Cundiff,500,,
Binjimen Victor,6939,,
Bishop Sankey,1937,,
Bisi Johnson,6088,,
Bj Baylor,8240,,
Bj Daniels,1584,,
Bj Emmons,7951,,
Bj Johnson,4515,,
Blaine Gabbert,862,Blaine Gabbert,Blaine Gabbert
Blair Walsh,1214,,
Blake Annen,1790,,
Blake Bell,2422,Blake Bell,Blake Bell
Blake Bortles,1979,,
Blake Gillikin,7467,,
Blake Grupe,11058,Blake Grupe,Blake Grupe
Blake Grupe,11110,Blake Grupe,Blake Grupe
Blake Haubeil,7855,,
Blake Jackson,5779,,
Blake Jarwin,4571,,
Blake Mack,5264,,
Blake Proehl,7552,,
Blake Renaud,2712,,
Blake Sims,3957,,
Blake Whiteheart,11201,,
Bo Melton,8204,,
Bo Scarbrough,5112,,
Bobby Rainey,1059,,
Bobo Wilson,4480,,
Boobie Dixon,3027,,
Bopete Keyes,,Bopete Keyes,
Boston Scott,5122,Boston Scott,Boston Scott
Bra'Lon Cherry,4779,,
Brad Kaaya,4222,,
Brad Nortman,1183,,
Brad Robbins,11010,,Brad Robbins
Brad Smith,287,,
Brad Sorensen,1481,,
Brad Wing,1337,,
Braden Mann,6950,,
Bradlee Anae,,Bradlee Anae,
Bradley Marquez,2803,,
Bradley Pinion,2468,,Bradley Pinion
Bradley Sowell,1269,,
Brady Quinn,671,,
Brady Russell,11280,,
Braeden Daniels,,Braeden Daniels,
Braedon Bowman,3547,,
Bralon Addison,3620,,
Branden Mack,8021,,
Branden Oliver,2050,,
Brandin Cooks,2197,Brandin Cooks,Brandin Cooks
Brandin Echols,,Brandin Echols,
Brandon Aiyuk,6803,Brandon Aiyuk,Brandon Aiyuk
Brandon Allen,3357,Brandon Allen,Brandon Allen
Brandon Aubrey,11533,Brandon Aubrey,Brandon Aubrey
Brandon Barden,1317,,
Brandon Barnes,4593,,
Brandon Bogotay,1397,,
Brandon Bolden,1034,Brandon Bolden,Brandon Bolden
Brandon Bostick,165,,
Brandon Brown-Dukes,3816,,
Brandon Burks,3810,,
Brandon Coleman,2196,,
Brandon Cottom,2948,,
Brandon Dillon,6279,Brandon Dillon,
Brandon Doughty,3378,,
Brandon Fields,311,,
Brandon Gibson,496,,
Brandon Jacobs,82,,
Brandon Johnson,8756,Brandon Johnson,Brandon Johnson
Brandon Johnson,3901,Brandon Johnson,Brandon Johnson
Brandon Lafell,613,,
Brandon Lewis,8908,,
Brandon Lloyd,386,,
Brandon Marshall,648,,
Brandon Mcmanus,1433,Brandon Mcmanus,Brandon Mcmanus
Brandon Myers,397,,
Brandon Peters,8579,,
Brandon Pettigrew,465,,
Brandon Polk,7340,,
Brandon Powell,5695,Brandon Powell,Brandon Powell
Brandon Radcliff,4806,,
Brandon Reilly,4541,,
Brandon Ross,3570,,
Brandon Shippen,3762,,
Brandon Silvers,6205,,
Brandon Smith,7865,,
Brandon Stokley,740,,
Brandon Tate,346,,
Brandon Weeden,1085,,
Brandon Wegher,2594,,
Brandon Wilds,3573,,
Brandon Williams,3653,,
Brandon Wright,7296,,
Brandon Zylstra,4878,,
Braxton Berrios,5121,Braxton Berrios,Braxton Berrios
Braxton Burmeister,11410,,
Braxton Deaver,3856,,
Braxton Miller,3203,,
Braxton Westfield,11301,,
Brayden Lenius,8105,,
Brayden Willis,10224,Brayden Willis,
Braydon Johnson,11496,,
Braylon Bell,2906,,
Braylon Heard,2768,,
Braylon Sanders,8178,,
Breece Hall,8155,Breece Hall,Breece Hall
Brelan Chancellor,2044,,
Brendan Langley,4130,,
Brenden Knox,7858,,
Brennan Eagles,7584,,
Brent Celek,221,,
Brenton Bersin,1742,,
Brenton Strange,9480,Brenton Strange,Brenton Strange
Breshad Perriman,2331,,
Brett Favre,462,,
Brett Hundley,2450,,
Brett Kern,497,,
Brett Maher,4958,,
Brett Rypien,6037,,
Brevin Jordan,7568,Brevin Jordan,Brevin Jordan
Brian Bridgewater,5287,,
Brian Brown,4569,,
Brian Burt,6629,,
Brian Cobbs,11502,,
Brian Hartline,339,,
Brian Herrien,7001,,
Brian Hill,4187,,
Brian Hoyer,345,Brian Hoyer,Brian Hoyer
Brian Johnson,8055,,
Brian Leonard,355,,
Brian Leonhardt,1468,,
Brian Lewerke,7008,,
Brian Parker,2653,,
Brian Quick,1208,,
Brian Riley,4815,,
Brian Robinson,8154,Brian Robinson,Brian Robinson
Brian St,761,,
Brian Tyms,1699,,
Brian Vogler,2917,,
Brian Walker,11385,,
Brice Butler,1471,,
Briley Moore,7903,,
Brisly Estime,4434,,
Britain Covey,8414,,
Brittain Brown,8423,Brittain Brown,
Brittan Golden,1743,,
Britton Colquitt,385,,
Broc Rutter,7418,,
Brock Miller,4918,,
Brock Osweiler,1126,,
Brock Purdy,8183,Brock Purdy,Brock Purdy
Brock Wright,7891,Brock Wright,Brock Wright
Brogan Roback,5597,,
Bronson Hill,2599,,
Bronson Kaufusi,3239,,
Bronson Rechsteiner,7190,,
Broughton Hatcher,,Broughton Hatcher,
Bruce Anderson,6072,,
Bruce Ellington,2255,,
Bruce Gradkowski,393,,
Bruno Labelle,7734,,
Bryan Anger,1113,,Bryan Anger
Bryan Bennett,2567,,
Bryan Edwards,6870,,
Bryan Mone,,Bryan Mone,
Bryan Thompson,11495,,
Bryan Walters,1009,,
Bryant Koback,8246,,
Bryant Mitchell,5831,,
Bryce Baringer,11007,,Bryce Baringer
Bryce Bobo,5787,,
Bryce Brown,1026,,
Bryce Ford-Wheaton,9499,Bryce Ford-Wheaton,
Bryce Love,5889,,
Bryce Perkins,7335,,
Bryce Petty,2408,,
Bryce Sterk,7353,,
Bryce Treggs,3797,,
Bryce Williams,3561,,
Bryce Young,9228,Bryce Young,Bryce Young
Brycen Hopkins,6926,Brycen Hopkins,Brycen Hopkins
Brycen Tremayne,11157,,
Bryn Renner,2007,,
Bt Potter,11092,,
Bucky Hodges,4184,,
Bud Sasser,2502,,
Buddy Howell,5271,,
Buddy Johnson,,Buddy Johnson,
Buffalo Bills,BUF,,Buffalo Bills
Bug Howard,4326,,
Byron Leftwich,5817,,
Byron Marshall,3491,,
Byron Pringle,5199,Byron Pringle,Byron Pringle
Cade Brewer,8433,,
Cade Johnson,7956,,
Cade Otton,8111,Cade Otton,Cade Otton
Cade York,8258,,
Cairo Santos,2020,Cairo Santos,Cairo Santos
Caleb Bluiett,4621,,
Caleb Farley,,Caleb Farley,
Caleb Hanie,317,,
Caleb Huntley,7741,,
Caleb Repp,7176,,
Caleb Scott,5223,,
Caleb Shudak,8536,,
Caleb Sturgis,1358,,
Caleb Wilson,6142,,
Calvin Austin,8125,Calvin Austin,Calvin Austin
Calvin Jackson,8251,,
Calvin Johnson,240,,
Calvin Ridley,4981,Calvin Ridley,Calvin Ridley
Calvin Tyler,11229,,
Cam Akers,6938,Cam Akers,Cam Akers
Cam Newton,954,,
Cam Phillips,5625,,
Cam Robinson,,Cam Robinson,
Cam Serigne,5774,,
Cam Sims,5432,,
Cam Sutton,7218,,
Cam Worthy,2938,,
Cameron Artis-Payne,2477,,
Cameron Batson,5289,,
Cameron Brate,2214,,
Cameron Clear,2898,,
Cameron Dicker,8259,Cameron Dicker,Cameron Dicker
Cameron Johnston,4654,Cameron Johnston,
Cameron Latu,10210,Cameron Latu,
Cameron Marshall,1650,,
Cameron Meredith,2699,,
Cameron Nizialek,6739,,
Cameron Posey,4749,,
Cameron Scarlett,7435,,
Camerun Peoples,10211,,
Camren Mcdonald,11213,,
Canaan Severin,3555,,
Canon Rooker,5354,,
Cardale Jones,3210,,
Carey Spear,1804,,
Carl Tucker,7926,,
Carlos Henderson,4108,,
Carlos Hyde,2257,,
Carlos Washington,11186,,
Carlton Agudosi,4522,,
Carlton Mitchell,534,,
Carolina Panthers,CAR,,Carolina Panthers
Carson Meier,6365,,
Carson Palmer,91,,
Carson Strong,8158,,
Carson Wentz,3161,,
Carson Williams,7624,,
Carter Warren,,Carter Warren,
Cary Angeline,7735,,
Case Cookus,7376,,
Case Keenum,1737,Case Keenum,Case Keenum
Casey Pierce,2637,,
Cayleb Jones,3447,,
Cecil Shorts,866,,
Cedric Benson,6738,,
Cedric O'Neal,3780,,
Cedric Peerman,659,,
Cedric Tillman,10444,Cedric Tillman,
Cedrick Wilson,5113,Cedrick Wilson,Cedrick Wilson
Ceedee Lamb,6786,Ceedee Lamb,Ceedee Lamb
Cephus Johnson,11081,,
Cethan Carter,4362,,
Chad Beebe,5570,,
Chad Hansen,4175,,
Chad Henne,89,,
Chad Kanoff,5237,,
Chad Kelly,4051,,
Chad Ryland,10955,Chad Ryland,Chad Ryland
Chad Williams,4128,,
Chandler Catanzaro,2242,,
Chandler Harnish,1109,,
Chandler Worthy,2687,,
Changa Hodge,8624,,
Chapelle Russell,,Chapelle Russell,
Charcandrick West,2024,,
Charles Clay,801,,
Charles Holland,6643,,
Charles Johnson,1530,,
Charles Jones,6591,,
Charles Mcclelland,11102,,
Charles Omenihu,,Charles Omenihu,
Charles Scarff,6487,,
Charles Sims,2223,,
Charleston Rambo,8198,Charleston Rambo,
Charlie Heck,,Charlie Heck,
Charlie Jones,10228,Charlie Jones,Charlie Jones
Charlie Kolar,8127,Charlie Kolar,Charlie Kolar
Charlie Taumoepeau,6932,,
Charlie Whitehurst,698,,
Charlie Woerner,7075,Charlie Woerner,Charlie Woerner
Charone Peake,3396,,
Chase Allen,8182,,
Chase Brown,9224,Chase Brown,Chase Brown
Chase Claypool,6886,Chase Claypool,Chase Claypool
Chase Coffman,352,,
Chase Cota,11347,,
Chase Daniel,490,,
Chase Dixon,2272,,
Chase Edmonds,5000,Chase Edmonds,Chase Edmonds
Chase Ford,1739,,
Chase Garbers,8431,,
Chase Harrell,7481,,
Chase Litton,5263,,
Chase Mclaughlin,6650,Chase Mclaughlin,Chase Mclaughlin
Chase Price,3940,,
Chase Rettig,2145,,
Chase Reynolds,1704,,
Chester Rogers,3582,,
Cheyenne O'Grady,6982,,
Chicago Bears,CHI,,Chicago Bears
Chigoziem Okonkwo,8210,Chigoziem Okonkwo,Chigoziem Okonkwo
Chosen Anderson,,,
Chris Bazile,4874,,
Chris Blair,7521,,
Chris Blewitt,6192,,
Chris Boswell,1945,Chris Boswell,Chris Boswell
Chris Boyd,2058,,
Chris Briggs,4004,,
Chris Brooks,11370,Chris Brooks,
Chris Brown,3486,,
Chris Carson,4273,,
Chris Claybrooks,,Chris Claybrooks,
Chris Coleman,11366,,
Chris Conley,2381,,
Chris Evans,7794,Chris Evans,Chris Evans
Chris Finke,7092,,
Chris Givens,1201,,
Chris Godwin,4037,Chris Godwin,Chris Godwin
Chris Gragg,1347,,
Chris Harper,1595,,
Chris Harper,2721,,
Chris Herndon,5009,,
Chris Hogan,1329,,
Chris Hubert,3802,,
Chris Ivory,717,,
Chris Johnson,272,,
Chris Jones,903,Chris Jones,
Chris King,3609,,
Chris Lacy,5661,Chris Lacy,
Chris Lammons,,Chris Lammons,
Chris Manhertz,3048,Chris Manhertz,Chris Manhertz
Chris Matthews,2292,,
Chris Moore,3269,Chris Moore,Chris Moore
Chris Myarick,6529,Chris Myarick,
Chris Naggar,8042,,
Chris Ogbonnaya,454,,
Chris Oladokun,8413,,
Chris Olave,8144,Chris Olave,Chris Olave
Chris Owusu,7509,,
Chris Pantale,1609,,
Chris Pierce,8634,,
Chris Polk,1033,,
Chris Reed,,Chris Reed,
Chris Rodriguez,10219,Chris Rodriguez,Chris Rodriguez
Chris Rowland,7175,,
Chris Smith,11249,,
Chris Streveler,6778,,
Chris Thompson,4719,,
Chris Thompson,1502,,
Chris Warren,5587,,
Christian Blake,5241,,
Christian Hackenberg,3168,,
Christian Kirk,4950,Christian Kirk,Christian Kirk
Christian Mccaffrey,4034,Christian Mccaffrey,Christian Mccaffrey
Christian Ponder,941,,
Christian Powell,3556,,
Christian Scotland-Williamson,5468,,
Christian Sims,11155,,
Christian Trahan,11231,,
Christian Wade,6196,,
Christian Watson,8167,Christian Watson,Christian Watson
Christine Michael,1596,,
Christion Jones,2682,,
Christopher Allen,,Christopher Allen,
Christopher Dunn,11146,,
Christopher Ezeala,5462,,
Chuba Hubbard,7594,Chuba Hubbard,Chuba Hubbard
Chuck Clark,,Chuck Clark,
Chuck Jacobs,1691,,
Cierre Wood,1682,,
Cincinnati Bengals,CIN,,Cincinnati Bengals
Cj Anderson,1451,,
Cj Beathard,4127,Cj Beathard,Cj Beathard
Cj Board,4344,,
Cj Conrad,6501,,
Cj Duncan,5734,,
Cj Fiedorowicz,1951,,
Cj Germany,4798,,
Cj Ham,,,Cj Ham
Cj Johnson,9759,,
Cj Marable,7549,,
Cj Prosise,3204,,
Cj Saunders,8068,,
Cj Spiller,507,,
Cj Stroud,9758,Cj Stroud,Cj Stroud
Cj Uzomah,2460,Cj Uzomah,Cj Uzomah
Cj Verdell,8187,,
Cj Worton,6359,,
Clay Burton,2947,,
Clay Harbor,584,,
Clayton Echard,3924,,
Clayton Hatfield,6625,,
Clayton Thorson,6147,,
Clayton Tune,10217,Clayton Tune,
Clayton Wilson,5733,,
Cleveland Browns,CLE,,Cleveland Browns
Clive Walford,2373,,
Clyde Edwards-Helaire,6820,Clyde Edwards-Helaire,Clyde Edwards-Helaire
Clyde Gates,804,,
Cobi Hamilton,1390,,
Coby Fleener,1107,,
Codey Mcelroy,5269,,
Cody Chrest,11284,,
Cody Chrest,11523,,
Cody Core,3355,,
Cody Davis,,Cody Davis,
Cody Fajardo,2576,,
Cody Hollister,4420,,
Cody Kessler,3205,,
Cody Latimer,2004,,
Cody Parkey,1974,,
Cody Thompson,6171,Cody Thompson,Cody Thompson
Cody White,7039,,
Colby Parkinson,6865,Colby Parkinson,Colby Parkinson
Colby Pearson,4738,,
Colby Wadman,4954,,
Cole Beasley,1144,,
Cole Fotheringham,8840,,
Cole Hedlund,6496,,
Cole Herdman,6460,,
Cole Hikutini,4460,,
Cole Hunt,5231,,
Cole Kelley,8224,,
Cole Kmet,6826,Cole Kmet,Cole Kmet
Cole Mcdonald,6954,,
Cole Murphy,6193,,
Cole Stoudt,2582,,
Cole Turner,8214,Cole Turner,
Cole Wick,3715,,
Colin Jeter,4327,,
Colin Kaepernick,980,,
Colin Lockett,1894,,
Colin Thompson,4647,,
Collin Hill,7983,,
Collin Johnson,6857,,
Colt Mccoy,533,,
Colton Dowell,11046,Colton Dowell,Colton Dowell
Colton Schmidt,1713,,
Connor Barth,499,,
Connor Cook,3171,,
Connor Davis,7503,,
Connor Hamlett,2732,,
Connor Heyward,8181,,Connor Heyward
Connor Jessop,5808,,
Connor Neighbors,2923,,
Connor Shaw,1910,,
Connor Slomka,7464,,
Connor Wedington,7954,,
Conor Mcdermott,,Conor Mcdermott,
Cooper Helfet,1715,,
Cooper Hodges,,Cooper Hodges,
Cooper Kupp,4039,Cooper Kupp,Cooper Kupp
Cooper Rush,4574,Cooper Rush,Cooper Rush
Corbin Louks,2684,,
Cordarrelle Patterson,1535,Cordarrelle Patterson,Cordarrelle Patterson
Corey Acosta,2802,,
Corey Bojorquez,5721,,Corey Bojorquez
Corey Brown,2185,,
Corey Clement,4651,,
Corey Coleman,3177,,
Corey Davis,4036,,
Corey Fuller,1514,,
Corey Grant,2729,,
Corey Knox,2933,,
Corey Sutton,8438,,
Corey Taylor,8092,,
Corey Washington,2252,,
Corey Willis,5155,,
Corliss Waitman,7215,,
Cornell Armstrong,,Cornell Armstrong,
Cornell Powell,7541,,
Cortrelle Simpson,6605,,
Cory Carter,3980,,
Cory Harkey,1296,,
Cory Trice,,Cory Trice,
Courtland Sutton,5045,Courtland Sutton,Courtland Sutton
Courtney Roby,195,,
Craig Reynolds,6659,Craig Reynolds,
Craig Stevens,8079,,
Crockett Gillmore,1868,,
Cullen Gillaspia,6293,,
Curtis Brooks,,Curtis Brooks,
Curtis Hodges,8192,Curtis Hodges,
Curtis Samuel,4082,Curtis Samuel,Curtis Samuel
Cyril Grayson,4050,,
Cyrus Gray,1130,,
Cyrus Holder,8699,,
D'Andre Swift,6790,D'Andre Swift,D'Andre Swift
D'Eriq King,8199,,
D'Ernest Johnson,6694,D'Ernest Johnson,D'Ernest Johnson
D'Onta Foreman,4111,D'Onta Foreman,D'Onta Foreman
D'Vonte Price,8184,,
Da'Mari Scott,5166,,
Da'Rick Rogers,1673,,
Da'Ron Brown,2532,,
Daesean Hamilton,4998,,
Daewood Davis,11367,,
Dai'Jean Dixon,8213,,
Daikiel Shorts,4544,,
Dak Prescott,3294,Dak Prescott,Dak Prescott
Dallas Clark,5,,
Dallas Cowboys,DAL,,Dallas Cowboys
Dallas Daniels,11438,,
Dallas Goedert,5022,Dallas Goedert,Dallas Goedert
Dallis Flowers,,Dallis Flowers,
Dalton Crossan,4322,,
Dalton Keene,7082,,
Dalton Kincaid,10236,Dalton Kincaid,Dalton Kincaid
Dalton Schoen,7320,,
Dalton Schultz,5001,Dalton Schultz,Dalton Schultz
Dalton Sturm,5167,,
Dalton Wagner,,Dalton Wagner,
Dalvin Cook,4029,Dalvin Cook,Dalvin Cook
Dalyn Dawkins,5619,,
Damarea Crockett,6334,,
Damarion Williams,,Damarion Williams,
Damaris Johnson,1030,,
Damarkus Lodge,6017,,
Damarr Aultman,2672,,
Dameon Pierce,8129,Dameon Pierce,Dameon Pierce
Damian Copeland,1983,,
Damian Williams,541,,
Damien Caffrey,11262,,
Damien Harris,5890,Damien Harris,Damien Harris
Damien Williams,1833,,
Damiere Byrd,2673,,
Damion Jeanpiere,6370,,
Damion Ratley,5080,,
Damion Willis,6549,,
Damon Gibson,5258,,
Damon Hazelton,7573,,
Damon Sheehy-Guiseppi,6195,,
Damond Powell,2937,,
Damore'Ea Stringfellow,4401,,
Damoun Patterson,5125,,
Dan Arnold,4741,,
Dan Bailey,899,,
Dan Carpenter,45,,
Dan Chisena,7357,,
Dan Herron,1307,,
Dan Light,3020,,
Dan Orlovsky,374,,
Dane Evans,4767,,
Daniel Arias,11184,,
Daniel Bellinger,8225,Daniel Bellinger,Daniel Bellinger
Daniel Braverman,3385,,
Daniel Brown,2751,,
Daniel Carlson,5095,Daniel Carlson,Daniel Carlson
Daniel Crawford,8090,,
Daniel Fells,277,,
Daniel Helm,6089,,
Daniel Jones,5870,Daniel Jones,Daniel Jones
Daniel Lasco,3392,,
Daniel Rodriguez,2817,,
Daniel Scott,,Daniel Scott,
Daniel Thomas,806,,
Daniel Whelan,8674,,Daniel Whelan
Daniel Whelan,11525,,Daniel Whelan
Daniel Williams,4829,,
Danny Amendola,491,,
Danny Anthrop,3454,,
Danny Davis,8602,,
Danny Etling,5120,,
Danny Gray,8176,Danny Gray,
Danny Pinter,,Danny Pinter,
Danny Woodhead,735,,
Dante Pettis,4992,Dante Pettis,
Dante Rosario,86,,
Dare Ogunbowale,4718,Dare Ogunbowale,Dare Ogunbowale
Darece Roberson,7623,,
Dareke Young,8527,Dareke Young,Dareke Young
Darien Butler,,Darien Butler,
Darion Clark,6762,,
Darion Griswold,3497,,
Darius Anderson,7038,,
Darius Bradwell,7316,,
Darius Clark,7614,,
Darius Davis,2925,,
Darius Hagans,11283,,
Darius Jackson,3371,,
Darius Jennings,2602,,
Darius Powe,3768,,
Darius Prince,5799,,
Darius Slayton,6149,Darius Slayton,Darius Slayton
Darius Victor,4791,,
Darius White,3945,,
Darnay Holmes,,Darnay Holmes,
Darnell Holland,6259,,
Darnell Mooney,7090,Darnell Mooney,Darnell Mooney
Darnell Washington,9479,Darnell Washington,Darnell Washington
Darrel Williams,5549,,
Darrell Daniels,4323,,
Darrell Henderson,5916,,
Darrell Luter,,Darrell Luter,
Darrell Stewart,7056,,
Darren Andrews,5665,,
Darren Carrington,5798,,
Darren Fells,1592,,
Darren Mcfadden,326,,
Darren Sproles,246,,
Darren Waller,2505,Darren Waller,Darren Waller
Darreus Rogers,4676,,
Darrin Hall,6448,,
Darrin Peterson,3804,,
Darrin Reaves,2193,,
Darrius Heyward-Bey,394,,
Darrius Shepherd,6519,,
Darrius Sims,4835,,
Darrynton Evans,7064,,
Darvin Kidsy,5722,,
Darwin Thompson,6178,,
Daryl Richardson,1265,,
Daryl Virgies,4917,,
Daurice Fountain,5102,,
Davante Adams,2133,Davante Adams,Davante Adams
Davaris Daniels,2573,,
Dave Zastudil,158,,
David Ausberry,882,,
David Bada,,David Bada,
David Bell,8118,David Bell,David Bell
David Blough,6450,,
David Cobb,2441,,
David Durden,11505,David Durden,
David Fales,2106,,
David Fluellen,1794,,
David Garrard,41,,
David Glidden,3799,,
David Grinnage,3472,,
David Johnson,362,,
David Johnson,2391,,
David Marvin,5247,,
David Montgomery,5892,David Montgomery,David Montgomery
David Moore,4274,,
David Morgan,3344,,
David Nelson,506,,
David Njoku,4033,David Njoku,David Njoku
David Olson,4775,,
David Paulson,1091,,
David Porter,2787,,
David Reeves,3554,,
David Richards,3672,,
David Sills,6154,,David Sills
David Watford,3916,,
David Wells,5235,David Wells,David Wells
David Williams,5115,,
Davion Davis,6380,,
Davis Allen,10214,Davis Allen,
Davis Cheek,8560,,
Davis Koppenhaver,6469,,
Davis Mills,7585,Davis Mills,Davis Mills
Davis Webb,4061,,
Davon Grayson,5176,,
Davon Hamilton,,Davon Hamilton,
Dawson Deaton,,Dawson Deaton,
Dawson Knox,5906,Dawson Knox,Dawson Knox
Dawuane Smoot,,Dawuane Smoot,
Dax Milne,7751,Dax Milne,Dax Milne
Dax Raymond,6016,,
Daylen Baldwin,8928,,
Dazz Newsome,7586,,
De'Angelo Henderson,4239,,
De'Anthony Thomas,2023,,
De'Chavon Hayes,4777,,
De'Lance Turner,5464,,
De'Mard Llorens,4774,,
De'Montre Tuggle,8721,,
De'Mornay Pierson-El,5295,,
De'Quan Hampton,4814,,
De'Veon Smith,4398,,
De'Von Achane,9226,De'Von Achane,
Deandre Carter,2750,Deandre Carter,Deandre Carter
Deandre Goolsby,5256,,
Deandre Hopkins,1426,Deandre Hopkins,Deandre Hopkins
Deandre Reaves,3542,,
Deandre Smelter,2436,,
Deandre Square,,Deandre Square,
Deandre Thompkins,6540,,
Deandre Torrey,8243,,
Deandre Washington,3300,,
Deandrew White,2801,,
Deangelo Williams,306,,
Deangelo Yancey,4200,,
Deante' Gray,4610,,
Dede Westbrook,4146,,
Dedrick Mills,7893,,
Dee Alford,,Dee Alford,
Dee Eskridge,7612,Dee Eskridge,
Deebo Samuel,5872,Deebo Samuel,Deebo Samuel
Deejay Dallas,6931,Deejay Dallas,Deejay Dallas
Delanie Walker,284,,
Demarco Murray,904,,
Demarcus Ayers,3384,,
Demarcus Robinson,3286,Demarcus Robinson,Demarcus Robinson
Demario Douglas,9501,Demario Douglas,
Demario Richard,5143,,
Demarvion Overshown,,Demarvion Overshown,
Demaryius Thomas,560,,
Demetric Felton,7609,,
Demetris Robertson,8439,,
Demetrius Harris,1619,,
Demetrius Wilson,2918,,
Demichael Harris,7279,,
Demichael Harris-Dup,8099,,
Demitrius Bronson,2293,,
Denard Robinson,1449,,
Denarius Moore,887,,
Deneric Prince,10870,,
Dennis Daley,,Dennis Daley,
Dennis Dixon,665,,
Dennis Houston,8801,,
Dennis Parks,3727,,
Dennis Pitta,527,,
Denver Broncos,DEN,,Denver Broncos
Denzel Mims,6849,,
Deon Butler,456,,
Deon Cain,5101,,
Deon Jackson,7551,Deon Jackson,Deon Jackson
Deon Long,2805,,
Deon Yelder,5277,,
Deontay Burnett,5290,,
Deonte Harty,6234,Deonte Harty,Deonte Harty
Deonte Thompson,1061,,
Deontez Alexander,5703,,
Derek Anderson,691,,
Derek Carr,2028,Derek Carr,Derek Carr
Derek Carrier,1718,,
Derek Hagan,764,,
Derek Keaton,3684,,
Derek Wright,8570,,
Derel Walker,1939,,
Derius Davis,10234,Derius Davis,Derius Davis
Derrick Deese,8245,,
Derrick Dillon,7100,,
Derrick Gore,6753,,
Derrick Henry,3198,Derrick Henry,Derrick Henry
Derrick Johnson,1842,,
Derrick Willies,5539,,
Derrius Guice,4949,,
Des Lawrence,2940,,
Desean Jackson,147,,
Desean Smith,4940,,
Deshaun Watson,4017,Deshaun Watson,Deshaun Watson
Deshon Foxx,2931,,
Deshon Williams,8102,,
Deshone Kizer,4026,,
Desmond Martin,2632,,
Desmond Ridder,8159,Desmond Ridder,Desmond Ridder
Detrez Newsome,5266,,
Detrich Clark,5243,,
Detroit Lions,DET,,Detroit Lions
Deuce Vaughn,9505,Deuce Vaughn,Deuce Vaughn
Devante Davis,2577,,
Devante Mays,4244,,
Devante Parker,2319,Devante Parker,Devante Parker
Deven Thompkins,8253,Deven Thompkins,Deven Thompkins
Devier Posey,1104,,
Devin Asiasi,6956,,
Devin Cochran,,Devin Cochran,
Devin Duvernay,6847,Devin Duvernay,Devin Duvernay
Devin Fuller,3393,,
Devin Funchess,2346,,
Devin Gardner,3021,,
Devin Gray,5244,,
Devin Hester,279,,
Devin Lucien,3380,,
Devin Mahina,2922,,
Devin Phelps,7396,,
Devin Ross,5292,,
Devin Singletary,6130,Devin Singletary,Devin Singletary
Devin Smith,2342,,
Devin Street,2074,,
Devine Ozigbo,6068,,
Devine Redding,4519,,
Devlin Hodges,6595,,
Devon Achane,,,Devon Achane
Devon Allen,8411,,
Devon Bell,3890,,
Devon Cajuste,3500,,
Devon Johnson,3412,,
Devon Williams,8186,,
Devon Wylie,1133,,
Devonnsha Maxwell,,Devonnsha Maxwell,
Devonta Freeman,2168,,
Devonta Smith,7525,Devonta Smith,Devonta Smith
Devontae Booker,3209,,
Devontae Jackson,6539,,
Devonte Boyd,5608,,
Devonte Dedmon,8108,,
Devontres Dukes,8019,,
Devwah Whaley,7236,,
Dewayne Mcbride,9512,,
Dexter Mccluster,564,,
Dexter Williams,6153,,
Dez Bryant,574,,
Dez Fitzpatrick,7729,,
Dez Stewart,3599,,
Dezmin Lewis,2533,,
Dezmon Patmon,6985,,
Diandre Campbell,2946,,
Dillon Mitchell,6047,,
Dillon Stoner,7996,,
Dion Lewis,788,,
Dion Sims,1357,,
Diontae Johnson,5937,Diontae Johnson,Diontae Johnson
Diontae Spencer,5828,,
Dj Chark,4951,Dj Chark,Dj Chark
Dj Foster,3488,,
Dj Montgomery,6453,,
Dj Moore,4983,Dj Moore,Dj Moore
Dj Scaife,,Dj Scaife,
Dj Smith,933,,
Dj Turner,7989,,
Dj Williams,935,,
Dk Metcalf,5846,Dk Metcalf,Dk Metcalf
Dobson Collins,3914,,
Dom Maggio,7202,,
Dom Williams,3505,,
Domenik Hixon,65,,
Dominick Wood-Anderson,6993,,
Dominik Eberle,7314,,
Dominique Brown,2820,,
Dominique Dafney,7502,Dominique Dafney,
Dominique Davis,1237,,
Dominique Jones,1246,,
Dominique Williams,2165,,
Don Gardner,,Don Gardner,
Don Jackson,3722,,
Donald Brown,377,,
Donald Parham,6074,Donald Parham,Donald Parham
Donatella Luckett,2570,,
Donnel Pumphrey,4178,,
Donnie Avery,104,,
Donnie Ernsberger,5288,,
Donnie Jones,1271,,
Donovan Peoples-Jones,6824,Donovan Peoples-Jones,Donovan Peoples-Jones
Dontae Strickland,6592,,
Dontario Drummond,8166,,
Dontay Demus,11382,,
Dontayvion Wicks,9486,Dontayvion Wicks,Dontayvion Wicks
Donte Foster,2158,,
Donte Moncrief,1971,,
Donte Sylencieux,8052,,
Donteea Dye,2824,,
Dontez Byrd,5242,,
Dontez Ford,4595,,
Dontre Wilson,4941,,
Dontrell Hilliard,5536,,
Dontrelle Inman,2291,,
Dorial Green-Beckham,2345,,
Dorian Baker,6449,,
Dorian Thompson-Robinson,10862,Dorian Thompson-Robinson,Dorian Thompson-Robinson
Dorin Dickerson,542,,
Dorren Miller,5359,,
Doug Baldwin,988,,
Doug Kramer,,Doug Kramer,
Doug Martin,1195,,
Doug Mcneil,2615,,
Drake London,8112,Drake London,Drake London
Dre Miller,8760,,
Dreamius Smith,2652,,
Dredrick Snelson,6362,,
Dres Anderson,2587,,
Dresser Winn,11169,,
Drew Anderson,6371,,
Drew Belcher,6374,,
Drew Brees,289,,
Drew Butler,1089,,
Drew Estrada,8543,,
Drew Forbes,,Drew Forbes,
Drew Kaser,3335,,
Drew Lock,5854,Drew Lock,Drew Lock
Drew Morgan,4396,,
Drew Ogletree,,Drew Ogletree,
Drew Plitt,8915,,
Drew Sample,6001,Drew Sample,Drew Sample
Drew Stanton,181,,
Drew White,,Drew White,
Dri Archer,1914,,
Drue Chrisman,7984,,
Duce Staley,4909,,
Duece Watts,11204,,
Dujuan Harris,863,,
Duke Johnson,2382,,
Duke Williams,3846,,
Duplicate Player,6313,,
Duplicate Player,7517,,
Duplicate Player,5282,,
Duplicate Player,6735,,
Duplicate Player,3639,,
Duplicate Player,5109,,
Duplicate Player,4770,,
Duplicate Player,2924,,
Duplicate Player,5755,,
Duplicate Player,6352,,
Durham Smythe,5008,Durham Smythe,Durham Smythe
Duron Carter,2564,,
Durron Neal,3630,,
Dustin Colquitt,330,,
Dustin Crum,8212,,
Dustin Hopkins,1348,Dustin Hopkins,Dustin Hopkins
Dustin Keller,315,,
Dustin Vaughan,2075,,
Dwayne Allen,1105,,
Dwayne Bowe,286,,
Dwayne Harris,902,,
Dwayne Haskins,5845,,
Dwayne Washington,3391,,
Dyami Brown,7587,Dyami Brown,Dyami Brown
Dylan Cantrell,5103,,
Dylan Drummond,11474,,
Dylan Parham,8751,,
Dylan Soehner,7905,,
Dylan Stapleton,7272,,
Dylan Thompson,2586,,
Earl Bennett,415,,
Earnest Edwards,7334,,
Earnest Pettway,2926,,
Easop Winston,7337,,
Easton Stick,6185,Easton Stick,Easton Stick
Ed Dickson,701,,
Ed Eagan,3701,,
Ed Lee,11529,,
Ed Williams,2876,,
Eddie Goldman,,Eddie Goldman,
Eddie Lacy,1527,,
Eddie Royal,297,,
Eddy Pineiro,5189,Eddy Piñeiro,Eddy Pineiro
Edwin Baker,1324,,
Efe Obada,,Efe Obada,
Ej Bibbs,2559,,
Ej Jenkins,11304,,
Ej Manuel,1349,,
Ej Perry,8193,,
Eldridge Massington,5744,,
Eli Jenkins,4665,,
Eli Manning,188,,
Eli Rogers,2980,,
Eli Stove,7935,,
Eli Wolf,7065,,
Elijah Cooks,11139,Elijah Cooks,
Elijah Dotson,11114,Elijah Dotson,Elijah Dotson
Elijah Higgins,10231,Elijah Higgins,
Elijah Holyfield,5919,,
Elijah Hood,4265,,
Elijah Marks,5548,,
Elijah Mcguire,4263,,
Elijah Mitchell,7561,Elijah Mitchell,Elijah Mitchell
Elijah Moore,7596,Elijah Moore,Elijah Moore
Elijhaa Penny,3803,,
Elkanah Dillon,6393,,
Elliott Fry,6208,,
Ellis Merriweather,11483,,
Ellis Richardson,6462,,
Emanuel Byrd,4518,,
Emanuel Hall,5924,,
Emanuel Wilson,11435,Emanuel Wilson,Emanuel Wilson
Emari Demercado,11199,Emari Demercado,Emari Demercado
Emeka Emezie,8238,,
Emil Igwenagu,1316,,
Emmanuel Butler,6107,,
Emmanuel Sanders,538,,
Emory Blake,1605,,
Eno Benjamin,6951,Eno Benjamin,
Equanimeous St,5323,Equanimeous St,Equanimeous St
Eric Decker,558,,
Eric Dungey,6443,,
Eric Ebron,2118,,
Eric Frohnapfel,2932,,
Eric Gray,10223,Eric Gray,Eric Gray
Eric Rogers,1701,,
Eric Saubert,4189,Eric Saubert,
Eric Stokes,,Eric Stokes,
Eric Tomlinson,2755,,
Eric Wallace,3908,,
Eric Weems,130,,
Erik Ezukanma,8114,Erik Ezukanma,Erik Ezukanma
Erik Krommenhoek,8575,,
Erik Swoope,1975,,
Ernst Brun,2957,,
Ervin Philips,5407,,
Ervin Philips,5216,,
Essang Bassey,,Essang Bassey,
Ethan Evans,11051,,Ethan Evans
Ethan Fernea,8831,,
Ethan Greenidge,,Ethan Greenidge,
Ethan Wolf,5196,,
Evan Baylis,4605,,
Evan Berry,5530,,
Evan Engram,4066,Evan Engram,Evan Engram
Evan Hull,9220,Evan Hull,Evan Hull
Evan Mcpherson,7839,Evan Mcpherson,Evan Mcpherson
Evan Rodriguez,1152,,
Evan Royster,920,,
Evan Spencer,2488,,
Eyioma Uwazurike,,Eyioma Uwazurike,
Ezekiel Elliott,3164,Ezekiel Elliott,Ezekiel Elliott
Ezell Ruffin,2703,,
Farrod Green,7483,,
Feleipe Franks,7531,Feleipe Franks,
Felix Harper,8798,,
Felix Jones,291,,
Felton Davis,5941,,
Fitzgerald Toussaint,2282,,
Floyd Allen,6697,,
Forrest Merrill,,Forrest Merrill,
Foster Moreau,5985,Foster Moreau,Foster Moreau
Fozzy Whittaker,1709,,
Francis Owusu,1273,,
Francis Owusu,4879,,
Frank Darby,7530,,
Frank Gore,232,,
Frank Stephens,5814,,
Frankie Hammond,1614,,
Franko House,4930,,
Franky Okafor,3923,,
Fred Brown,4752,,
Fred Davis,98,,
Fred Jackson,228,,
Fred Ross,4360,,
Fred Trevillion,6701,,
Fred Williams,2284,,
Freddie Brown,4825,,
Freddie Martino,2171,,
Freddie Swain,7135,,
Gabe Brkic,8260,,
Gabe Davis,6943,Gabe Davis,Gabriel Davis
Gabe Holmes,2714,,
Gabe Hughes,3759,,
Gabe Marks,4508,,
Gannon Sinclair,3045,,
Gardner Minshew,6011,Gardner Minshew,Gardner Minshew
Garett Maag,11528,,
Garrett Celek,1223,,
Garrett Dickerson,5756,,
Garrett Gilbert,2229,,
Garrett Graham,543,,
Garrett Grayson,2380,,
Garrett Griffin,3894,,
Garrett Groshek,7990,,
Garrett Hartley,11,,
Garrett Hudson,5750,,
Garrett Johnson,5637,,
Garrett Scantling,4922,,
Garrett Swanson,3611,,
Garrett Walston,8621,,
Garrett Williams,,Garrett Williams,
Garrett Wilson,8146,Garrett Wilson,Garrett Wilson
Gary Barnidge,176,,
Gary Brightwell,7529,Gary Brightwell,Gary Brightwell
Gary Jennings,6045,,
Gavin Escobar,1485,,
Gavin Holmes,11478,,
Gavin Lutman,2913,,
Gehrig Dieter,4489,,
Genard Avery,,Genard Avery,
Geno Smith,1373,Geno Smith,Geno Smith
Geoff Swaim,2545,Geoff Swaim,Geoff Swaim
George Atkinson,2026,,
George Campbell,7387,,
George Farmer,2890,,
George Kittle,4217,George Kittle,George Kittle
George Pickens,8137,George Pickens,George Pickens
George Winn,1681,,
Gerald Christian,2555,,
Gerald Everett,4089,Gerald Everett,Gerald Everett
Gerald Holmes,5791,,
Gerell Robinson,1274,,
Geremy Davis,2487,,
Germone Hopper,4827,,
Geronimo Allison,3503,,
Gerrid Doaks,7539,,
Gerrit Prince,8247,,
Gio Pascascio,4710,,
Giorgio Tavecchio,1750,,
Giovani Bernard,1386,,
Giovanni Ricci,,Giovanni Ricci,
Gj Kinne,1,,
Glen Coffee,4914,,
Glenn Winston,2297,,
Godwin Igwebuike,5220,,
Golden Tate,642,,
Graham Adomitis,8095,,
Graham Gano,503,Graham Gano,Graham Gano
Graham Harrell,6769,,
Grant Calcaterra,8177,Grant Calcaterra,Grant Calcaterra
Grant Dubose,11024,,
Grayson Gunter,8638,,
Green Bay,GB,,Green Bay
Greg Bell,8226,,
Greg Dortch,5970,Greg Dortch,Greg Dortch
Greg Dulcich,8172,Greg Dulcich,Greg Dulcich
Greg Jennings,264,,
Greg Jones,133,,
Greg Joseph,5272,Greg Joseph,Greg Joseph
Greg Little,835,,
Greg Olsen,58,,
Greg Orton,1763,,
Greg Salas,968,,
Greg Scruggs,1231,,
Greg Ward,6744,,
Greg Zuerlein,1266,Greg Zuerlein,Greg Zuerlein
Griff Whalen,1247,,
Griffin Hebert,11224,,
Gunner Olszewski,6699,Gunner Olszewski,Gunner Olszewski
Gus Edwards,5248,Gus Edwards,Gus Edwards
Gus Johnson,2785,,
Hakeem Butler,5886,,
Hakeem Nicks,474,,
Hakeem Valles,3612,,
Hale Hentges,6439,,
Hamsah Nasirildeen,,Hamsah Nasirildeen,
Harold Spears,2770,,
Harrison Bryant,6850,Harrison Bryant,Harrison Bryant
Harrison Butker,4227,Harrison Butker,Harrison Butker
Harry Douglas,247,,
Harvey Binford,3920,,
Hasise Dubois,7108,,
Hassan Hall,11270,,
Hassan Haskins,8123,Hassan Haskins,
Hayden Hunt,5824,,
Hayden Hurst,4973,Hayden Hurst,Hayden Hurst
Heath Miller,310,,
Hendon Hooker,9998,Hendon Hooker,
Henry Anderson,,Henry Anderson,
Henry Krieger-Coble,3485,,
Henry Litwin,8694,,
Henry Ruggs,6789,,
Herb Waters,3729,,
Holton Ahlers,11216,,
Houston Texans,HOU,,Houston Texans
Hunter Bryant,6846,,
Hunter Henry,3214,Hunter Henry,Hunter Henry
Hunter Kampmoyer,7938,,
Hunter Long,7535,Hunter Long,Hunter Long
Hunter Luepke,,Hunter Luepke,
Hunter Niswander,7516,,
Hunter Renfrow,5955,Hunter Renfrow,Hunter Renfrow
Hunter Sharp,3517,,
Hunter Thedford,7522,,
I'Tavius Mathers,4630,,
Ian Berryman,6403,,
Ian Book,7589,,
Ian Bunting,6308,,
Ian Thomas,4995,Ian Thomas,Ian Thomas
Ifeadi Odenigbo,,Ifeadi Odenigbo,
Ifeanyi Momah,1332,,
Ify Umodu,2916,,
Ihmir Smith-Marsette,7559,Ihmir Smith-Marsette,
Ikenna Enechukwu,,Ikenna Enechukwu,
Indianapolis Colts,IND,,Indianapolis Colts
Irv Smith,6126,Irv Smith,Irv Smith
Irvin Charles,8861,Irvin Charles,Irvin Charles
Isaac Fruechte,2871,,
Isaac Nauta,5957,,
Isaac Whitney,4451,,
Isaac Zico,6626,,
Isaiah Bolden,,Isaiah Bolden,
Isaiah Bowser,11431,,
Isaiah Burse,2002,,
Isaiah Coulter,7085,,
Isaiah Crowell,1901,,
Isaiah Ford,4252,Isaiah Ford,
Isaiah Hodgins,6920,Isaiah Hodgins,Isaiah Hodgins
Isaiah Likely,8131,Isaiah Likely,Isaiah Likely
Isaiah Mckenzie,4197,Isaiah Mckenzie,Isaiah Mckenzie
Isaiah Mckoy,7899,,
Isaiah Pead,1206,,
Isaiah Rodgers,,Isaiah Rodgers,
Isaiah Searight,6618,,
Isaiah Spiller,8153,Isaiah Spiller,Isaiah Spiller
Isaiah Weston,8229,,
Isaiah Winstead,11232,,
Isaiah Wright,7407,,
Isaiah Zuber,7458,Isaiah Zuber,
Ishmael Hyman,6209,,
Ishmael Zamora,4289,,
Isiah Ferguson,2879,,
Isiah Pacheco,8205,Isiah Pacheco,Isiah Pacheco
Israel Abanikanda,9227,Israel Abanikanda,
Issac Blakeney,2904,,
Ito Smith,5004,,
Izaiah Gathings,11524,,
J Talley,1772,,
J'Mar Smith,7156,,
J'Mon Moore,5006,,
Ja'Marcus Bradley,7244,,
Ja'Marr Chase,7564,Ja'Marr Chase,Ja'Marr Chase
Ja'Quan Gardner,5809,,
Jace Amaro,1849,,
Jace Billingsley,3710,,
Jace Davis,1867,,
Jace Sternberger,6139,,
Jack Anderson,,Jack Anderson,
Jack Coan,8201,,
Jack Doyle,1706,,
Jack Fox,6523,,Jack Fox
Jack Heneghan,5392,,
Jack Podlesny,11077,,
Jack Sorenson,8420,,
Jack Stoll,7946,Jack Stoll,Jack Stoll
Jack Tabb,2950,,
Jackson Harris,6728,,
Jacksonville Jaguars,JAX,,Jacksonville Jaguars
Jacob Breeland,7015,,
Jacob Copeland,9503,,
Jacob Dolegala,6317,,
Jacob Eason,6823,,
Jacob Harris,7703,,
Jacob Hollister,4421,,
Jacob Huesman,3978,,
Jacob Maxwell,2124,,
Jacob Phillips,,Jacob Phillips,
Jacob Saylors,11237,,
Jacob Schum,1399,,
Jacob Tamme,32,,
Jacoby Brissett,3257,Jacoby Brissett,Jacoby Brissett
Jacoby Ford,567,,
Jacoby Jones,203,,
Jacques Patrick,6108,,
Jacquizz Rodgers,949,,
Jadakis Bonds,11521,,
Jadon Haselwood,9498,,
Jaeden Graham,5754,,
Jaelen Strong,2375,,
Jaelon Acklin,5140,,
Jaelon Darden,7713,,
Jahad Thomas,4576,,
Jahan Dotson,8119,Jahan Dotson,Jahan Dotson
Jahmyr Gibbs,9221,Jahmyr Gibbs,Jahmyr Gibbs
Jahvid Best,592,,
Jahwan Edwards,2581,,
Jaivon Heiligh,8234,,
Jake Bailey,6093,,Jake Bailey
Jake Bates,11539,,
Jake Bentley,7073,,
Jake Bobo,10867,Jake Bobo,
Jake Browning,6111,Jake Browning,Jake Browning
Jake Burt,7460,,
Jake Butt,4151,,
Jake Camarda,8466,,Jake Camarda
Jake Coker,3410,,
Jake Elliott,4195,Jake Elliott,Jake Elliott
Jake Ferguson,8110,Jake Ferguson,Jake Ferguson
Jake Fromm,6822,,
Jake Funk,7771,,
Jake Haener,10215,Jake Haener,
Jake Hausmann,8061,,
Jake Heaps,2620,,
Jake Herslow,8690,,
Jake Julien,8723,,
Jake Kumerow,2821,,
Jake Lampman,3864,,
Jake Luton,7084,,
Jake Mcgee,3514,,
Jake Moody,10937,Jake Moody,Jake Moody
Jake Murphy,2038,,
Jake Powell,6260,,
Jake Roh,5246,,
Jake Rudock,3347,,
Jake Stoneburner,1749,,
Jake Tonges,8698,,
Jake Verity,8056,,
Jake Waters,2569,,
Jake Wieneke,5211,,
Jake Witt,,Jake Witt,
Jakeem Grant,3342,Jakeem Grant,
Jakob Johnson,,,
Jakobi Meyers,5947,Jakobi Meyers,Jakobi Meyers
Jalan Mcclendon,6596,,
Jaleel Mclaughlin,11439,Jaleel Mclaughlin,Jaleel Mclaughlin
Jaleel Scott,5005,,
Jalen Brooks,11034,Jalen Brooks,
Jalen Camp,7789,,
Jalen Cropper,11506,,
Jalen Greene,6685,,
Jalen Guyton,6421,Jalen Guyton,Jalen Guyton
Jalen Hurd,5911,,
Jalen Hurts,6904,Jalen Hurts,Jalen Hurts
Jalen Mccleskey,7173,,
Jalen Morton,7262,,
Jalen Nailor,8180,Jalen Nailor,Jalen Nailor
Jalen Parmele,479,,
Jalen Ramsey,,Jalen Ramsey,
Jalen Reagor,6798,,
Jalen Richard,3868,,
Jalen Sample,11158,,
Jalen Saunders,1862,,
Jalen Simmons,3859,,
Jalen Tolbert,8117,Jalen Tolbert,Jalen Tolbert
Jalen Tolliver,5383,,
Jalen Virgil,8416,Jalen Virgil,
Jalen Wayne,10230,,
Jalen Williams,4934,,
Jalen Wydermyer,8115,,
Jalin Hyatt,9497,Jalin Hyatt,
Jalin Marshall,3492,,
Jalin Moore,5961,,
Jamaal Charles,323,,
Jamaal Jones,3540,,
Jamaal Williams,4149,Jamaal Williams,Jamaal Williams
Jamal Agnew,4198,Jamal Agnew,Jamal Agnew
Jamal Custis,6097,,
Jamal Pettigrew,8741,,
Jamal Robinson,3548,,
Jamari Staples,4821,,
Jamarius Way,6713,,
Jameis Winston,2306,Jameis Winston,Jameis Winston
Jamel Johnson,3078,,
James Blackman,11374,,
James Butler,5785,,
James Butler,3019,,
James Conner,4137,James Conner,James Conner
James Cook,8138,James Cook,James Cook
James Franklin,2119,,
James Gilbert,7336,,
James Hanna,1147,,
James Jones,253,,
James Looney,5322,,
James Lynch,,James Lynch,
James Mccourt,8577,,
James Mitchell,8170,James Mitchell,James Mitchell
James Morgan,7081,,
James O'Shaughnessy,2476,,
James Proche,6957,,
James Quick,4320,,
James Robinson,6955,,
James Smith,8086,,
James Starks,762,,
James Summers,4533,,
James Washington,5024,,
James White,1848,,
James Wilder,2283,,
James Williams,6169,,
James Wright,1898,,
Jameson Williams,8148,Jameson Williams,
Jamie Childers,1760,,
Jamie Gillan,6452,,Jamie Gillan
Jamie Newman,7555,,
Jamire Jordan,6524,,
Jamison Crowder,2410,,
Jamycal Hasty,6996,Jamycal Hasty,Jamycal Hasty
Janarion Grant,5567,,
Jaquan Hardy,7863,,
Jaquarii Roberson,8232,,
Jaray Jenkins,11133,Jaray Jenkins,
Jared Abbrederis,2132,,
Jared Bernhardt,8663,,
Jared Cook,367,,
Jared Dangerfield,3462,,
Jared Goff,3163,Jared Goff,Jared Goff
Jared Murphy,5775,,
Jared Pinkney,6834,,
Jared Rice,7317,,
Jared Scott,8878,,
Jared Smart,8418,,
Jared Wayne,11056,,
Jaren Hall,9231,Jaren Hall,
Jaret Patterson,7537,,
Jarius Wright,1215,,
Jaron Brown,1684,,
Jarrad Davis,,Jarrad Davis,
Jarred Haggins,2636,,
Jarrett Boykin,1173,,
Jarrett Guarantano,8442,,
Jarrett Stidham,6136,Jarrett Stidham,Jarrett Stidham
Jarrick Bernard-Converse,,Jarrick Bernard-Converse,
Jarrod West,2979,,
Jarryd Hayne,2786,,
Jarveon Williams,4372,,
Jarvion Franklin,5278,,
Jarvis Landry,1825,,
Jarvis Turner,3892,,
Jashaun Corbin,8194,,
Jason Avant,71,,
Jason Brownlee,11311,Jason Brownlee,
Jason Campbell,673,,
Jason Croom,4536,,
Jason Huntley,7107,,
Jason Moore,6247,,
Jason Myers,2747,Jason Myers,Jason Myers
Jason Reese,5217,,
Jason Sanders,5119,Jason Sanders,Jason Sanders
Jason Snelling,215,,
Jason Vander,3774,,
Jason Witten,23,,
Jauan Jennings,7049,Jauan Jennings,Jauan Jennings
Javelin Guidry,,Javelin Guidry,
Javess Blue,2939,,
Javian Hawkins,7563,,
Javon Leake,6966,,
Javon Mckinley,7890,,
Javon Wims,5111,,
Javonta Payton,8632,,
Javonte Williams,7588,Javonte Williams,Javonte Williams
Javontee Herndon,2049,,
Javorius Allen,2430,,
Jawill Davis,5175,,
Jawon Chisholm,2767,,
Jaxon Shipley,2654,,
Jaxon Smith-Njigba,9488,Jaxon Smith-Njigba,Jaxon Smith-Njigba
Jay Ajayi,2452,,
Jay Cutler,416,,
Jay Feely,692,,
Jay Lee,3520,,
Jayden Reed,10222,Jayden Reed,Jayden Reed
Jaydon Mickens,3852,,
Jaylen Samuels,5107,,
Jaylen Smith,6155,,
Jaylen Waddle,7526,Jaylen Waddle,Jaylen Waddle
Jaylen Warren,8228,Jaylen Warren,Jaylen Warren
Jaylon Moore,7191,Jaylon Moore,
Jazz Ferguson,5997,,
Jc Hassenauer,,Jc Hassenauer,
Jd Mckissic,3664,,
Je'Ron Hamm,2202,,
Jean Sifrin,2565,,
Jeff Badet,5275,,
Jeff Cotton,7319,,
Jeff Cumberland,521,,
Jeff Driskel,3362,,
Jeff Heuerman,2397,,
Jeff Janis,2140,,
Jeff King,87,,
Jeff Locke,1533,,
Jeff Luc,2571,,
Jeff Maehl,853,,
Jeff Smith,6557,,
Jeff Thomas,7076,,
Jeff Tuel,1644,,
Jeff Wilson,5284,Jeff Wilson,
Jehu Chesson,4169,,
Jelani Woods,8219,Jelani Woods,
Jequez Ezzard,8410,,
Jerell Adams,3340,,
Jeremiah Briscoe,5356,,
Jeremiah Hall,8203,,
Jeremiah Haydel,7874,,
Jeremy Butler,1865,,
Jeremy Cox,6246,,
Jeremy Hill,1892,,
Jeremy Kelley,1432,,
Jeremy Kerley,817,,
Jeremy Langford,2411,,
Jeremy Maclin,411,,
Jeremy Mcnichols,4219,,
Jeremy Ross,1306,,
Jeremy Ruckert,8145,Jeremy Ruckert,Jeremy Ruckert
Jeremy Sprinkle,4221,,
Jeremy Stewart,1293,,
Jeret Smith,2920,,
Jerick Mckinnon,2161,Jerick Mckinnon,Jerick Mckinnon
Jermaine Gresham,530,,
Jermaine Kearse,1290,,
Jermar Jefferson,7599,Jermar Jefferson,
Jermiah Braswell,7394,,
Jerod Evans,4853,,
Jerome Carvin,,Jerome Carvin,
Jerome Cunningham,2304,,
Jerome Ford,8143,Jerome Ford,Jerome Ford
Jerome Kapp,11522,,
Jerome Lane,4328,,
Jerome Simpson,321,,
Jerome Smith,2177,,
Jerome Washington,6375,,
Jerreth Sterns,8236,,
Jerricho Cotchery,155,,
Jerrion Ealy,8120,,
Jerrod Johnson,3106,,
Jerry Jeudy,6783,Jerry Jeudy,Jerry Jeudy
Jerry Lovelocke,2557,,
Jesper Horsted,6075,Jesper Horsted,
Jesse James,2463,,
Jesse Matthews,11452,Jesse Matthews,
Jester Weah,5261,,
Jevoni Robinson,4864,,
Jhajuan Seales,4786,,
Jhamon Ausbon,7582,,
Jhurell Pressley,3463,,
Jibri Blount,8039,,
Jim Dray,626,,
Jimmay Mundine,2722,,
Jimmie Hunt,2771,,
Jimmy Clausen,611,,
Jimmy Garoppolo,1837,Jimmy Garoppolo,Jimmy Garoppolo
Jimmy Graham,616,Jimmy Graham,Jimmy Graham
Jimmy Moreland,,Jimmy Moreland,
Jimmy Williams,5254,,
Jj Arcega-Whiteside,5863,,
Jj Howland,8884,,
Jj Jones,5267,,
Jj Koski,7339,,
Jj Molson,7071,,
Jj Nelson,2462,,
Jj Taylor,6973,,
Jk Dobbins,6806,Jk Dobbins,Jk Dobbins
Jk Scott,5087,,Jk Scott
Jody Fortson,6665,Jody Fortson,
Joe Banyard,1236,,
Joe Burrow,6770,Joe Burrow,Joe Burrow
Joe Callahan,3717,,
Joe Don,2942,,
Joe Doyle,11453,,
Joe Flacco,19,,
Joe Forson,6677,,
Joe Hansley,3866,,
Joe Horn,6692,,
Joe Horn,6686,,
Joe Licata,3863,,
Joe Mcknight,523,,
Joe Mixon,4018,Joe Mixon,Joe Mixon
Joe Morgan,958,,
Joe Reed,6913,Joe Reed,
Joe Sommers,3686,,
Joe Walker,6727,,
Joe Webb,606,,
Joe Williams,4042,,
Joel Bouagnon,4548,,
Joel Dreessen,52,,
Joel Honigford,11197,,
Joel Stave,3456,,
Joel Wilson,11113,,
Joey Iosefa,2530,,
Joey Slye,6528,Joey Slye,Joey Slye
John Baron,6621,,
John Bates,7716,John Bates,John Bates
John Brown,2238,,
John Carlson,143,,
John Chiles,2702,,
John Crockett,2562,,
John David,5550,,
John Diarse,5425,,
John Fitzpatrick,8500,John Fitzpatrick,
John Franklin,5705,,
John Hall,11223,,
John Harris,2578,,
John Hightower,7086,,
John Hurst,7455,,
John Kelly,5076,,
John Lovett,6231,,
John Lovett,8568,,
John Lunsford,3574,,
John Metchie,8147,John Metchie,John Metchie
John Mitchell,8685,,
John Parker,8670,,
John Peters,2928,,
John Phillips,406,,
John Robinson-Woodgett,4504,,
John Ross,4038,,
John Samuel,11467,,
John Stephens,11511,John Stephens,
John Ursua,6168,,
John Wolford,5806,,
Johnathan Lloyd,6392,,
Johnathon Johnson,7414,,
Johnnie Dixon,6019,,
Johnnielee Higgins,308,,
Johnny Hekker,1202,,Johnny Hekker
Johnny Holton,3476,,
Johnny Johnson,8185,,
Johnny King,11282,,
Johnny Lumpkin,11380,,
Johnny Manziel,1907,,
Johnny Mundt,4314,Johnny Mundt,Johnny Mundt
Johnny Townsend,5381,,
Joique Bell,736,,
Jojo Domann,,Jojo Domann,
Jojo Natson,4330,,
Jojo Ward,7370,,
Jon Brown,3805,,
Jon Gaines,,Jon Gaines,
Jon Hilliman,6446,,
Jon Kitna,404,,
Jon Ryan,135,,
Jon'Vea Johnson,6420,,
Jonah Trinnaman,5384,,
Jonas Gray,1698,,
Jonas Griffith,,Jonas Griffith,
Jonathan Adams,7613,,
Jonathan Duhart,6320,,
Jonathan Garibay,8812,,
Jonathan Grimes,1275,,
Jonathan Krause,1906,,
Jonathan Mingo,10225,Jonathan Mingo,Jonathan Mingo
Jonathan Stewart,218,,
Jonathan Taylor,6813,Jonathan Taylor,
Jonathan Ward,7087,,
Jonathan Williams,3312,,
Jonathon Rumph,2934,,
Jonnu Smith,4144,Jonnu Smith,Jonnu Smith
Jontre Kirklin,8628,,
Jordan Addison,9756,Jordan Addison,Jordan Addison
Jordan Akins,5032,Jordan Akins,Jordan Akins
Jordan Berry,2975,,
Jordan Byrd,11089,,
Jordan Cameron,833,,
Jordan Chunn,5168,,
Jordan Ellis,6318,,
Jordan Franks,5253,,
Jordan Gay,1741,,
Jordan Harris,6779,,
Jordan Howard,3306,,
Jordan Johnson,4537,,
Jordan Kunaszyk,,Jordan Kunaszyk,
Jordan Lasley,5070,,
Jordan Leggett,4153,,
Jordan Leslie,3063,,
Jordan Love,6804,Jordan Love,Jordan Love
Jordan Mason,8408,Jordan Mason,Jordan Mason
Jordan Matthews,1800,,
Jordan Mims,11378,,
Jordan Murray,11493,,
Jordan Norwood,769,,
Jordan Palmer,50,,
Jordan Payton,3310,,
Jordan Perryman,,Jordan Perryman,
Jordan Reed,1500,,
Jordan Scarlett,6167,,
Jordan Smallwood,5590,,
Jordan Stout,8467,,Jordan Stout
Jordan Ta'Amu,6730,,
Jordan Taylor,2685,,
Jordan Thomas,5117,,
Jordan Thompson,2129,,
Jordan Todman,895,,
Jordan Veasy,5293,,
Jordan Westerkamp,4787,,
Jordan Wilkins,5100,,
Jordan Williams-Lambert,3621,,
Jordy Nelson,175,,
Jose Barbon,11504,,
Jose Borregales,7961,,
Joseph Charlton,6936,,
Joseph Fauria,1628,,
Joseph Ngata,11276,,
Joseph Parker,6661,,
Joseph Randle,1487,,
Josh Adams,5136,,
Josh Ali,8931,Josh Ali,
Josh Allen,4984,Josh Allen,Josh Allen
Josh Babicz,8559,,
Josh Ball,,Josh Ball,
Josh Bellamy,1312,,
Josh Bist,8769,,
Josh Boyce,1362,,
Josh Brown,102,,
Josh Caldwell,6710,,
Josh Cribbs,166,,
Josh Crockett,5760,,
Josh Doctson,3178,,
Josh Downs,9500,Josh Downs,Josh Downs
Josh Ferguson,3453,,
Josh Freeman,448,,
Josh Gable,6754,,
Josh Gordon,1244,,
Josh Hammond,7287,,
Josh Harper,2713,,
Josh Harris,2303,,
Josh Hill,1777,,
Josh Huff,1798,,
Josh Imatorbhebhe,8008,,
Josh Jacobs,5850,Josh Jacobs,Josh Jacobs
Josh Johnson,8222,Josh Johnson,
Josh Johnson,8051,Josh Johnson,
Josh Johnson,260,Josh Johnson,
Josh Lambo,2671,,
Josh Lenz,1505,,
Josh Love,7157,,
Josh Magee,4301,,
Josh Malone,4160,,
Josh Mccown,208,,
Josh Morgan,222,,
Josh Oliver,5973,Josh Oliver,Josh Oliver
Josh Pearson,7452,,
Josh Pederson,7733,,
Josh Reese,2905,,
Josh Reynolds,4171,Josh Reynolds,Josh Reynolds
Josh Robinson,2506,,
Josh Rosen,4863,,
Josh Rounds,4797,,
Josh Scobee,275,,
Josh Smith,5762,,
Josh Stewart,1938,,
Josh Vann,11329,,
Josh Wells,,Josh Wells,
Josh Whyle,10212,Josh Whyle,Josh Whyle
Josh Woodrum,3440,,
Joshua Dobbs,4179,Joshua Dobbs,Joshua Dobbs
Joshua Kelley,7045,Joshua Kelley,Joshua Kelley
Joshua Onujiogu,,Joshua Onujiogu,
Joshua Palmer,7670,Joshua Palmer,Josh Palmer
Joshua Perkins,3668,,
Joshua Stangby,2912,,
Josiah Deguara,7050,Josiah Deguara,Josiah Deguara
Josiah Price,4409,,
Jovon Durante,6091,,
Jp Holtz,3695,,
Jt Barrett,5228,,
Jt Luper,5291,,
Juice Scruggs,,Juice Scruggs,
Juju Smith-Schuster,4040,Juju Smith-Schuster,Juju Smith-Schuster
Julian Diaz,8935,,
Julian Edelman,344,,
Julian Hill,11371,Julian Hill,Julian Hill
Julian Howsare,2865,,
Julian Okwara,,Julian Okwara,
Julian Williams,5804,,
Julio Jones,947,,
Julius Chestnut,8254,Julius Chestnut,Julius Chestnut
Julius Thomas,874,,
Junior Hemingway,1330,,
Juron Criner,1137,,
Justice Cunningham,1436,,
Justice Hill,5995,Justice Hill,Justice Hill
Justice Liggins,4831,,
Justice Shelton-Mosley,7299,,
Justin Berger,3951,,
Justin Blackmon,1114,,
Justin Brown,1409,,
Justin Crawford,5398,,
Justin Davis,4635,,
Justin Fields,7591,Justin Fields,Justin Fields
Justin Forsett,458,,
Justin Hall,8441,,
Justin Hardy,2412,,
Justin Herbert,6797,Justin Herbert,Justin Herbert
Justin Hunter,1418,,
Justin Jackson,5131,,
Justin Jefferson,6794,Justin Jefferson,Justin Jefferson
Justin Johnson,6493,,
Justin Manton,2911,,
Justin Marshall,11191,,
Justin Perillo,2144,,
Justin Rigg,8778,,
Justin Rohrwasser,7121,,
Justin Shorter,9489,Justin Shorter,
Justin Sinz,2886,,
Justin Stockton,5800,,
Justin Sumpter,6384,,
Justin Thomas,4723,,
Justin Tucker,1264,Justin Tucker,Justin Tucker
Justin Tukes,2930,,
Justin Vogel,4387,,
Justin Watson,5374,Justin Watson,Justin Watson
Justyn Ross,8140,Justyn Ross,
Juwan Green,7174,,
Juwan Johnson,7002,Juwan Johnson,Juwan Johnson
Juwan Thompson,2011,,
Juwann Winfree,6223,,
K'Waun Williams,,K'Waun Williams,
Ka'Deem Carey,2104,,
Ka'Imi Fairbairn,3451,Ka'Imi Fairbairn,Ka'Imi Fairbairn
Ka'Raun White,5283,,
Kaare Vedvik,5460,,
Kadarius Toney,7606,Kadarius Toney,Kadarius Toney
Kade Warner,11419,,
Kaden Davis,8755,,
Kaden Smith,6146,Kaden Smith,
Kadron Boone,1792,,
Kaelin Clay,2485,,
Kahale Warring,6164,,
Kahlil Lewis,6358,,
Kai De,3030,,
Kai Forbath,1287,,
Kai Locksley,7616,,
Kain Colter,2153,,
Kaleb Barker,7096,,
Kalen Ballage,4994,,
Kalif Jackson,8088,,
Kalif Phillips,4385,,
Kalif Raymond,3634,Kalif Raymond,Kalif Raymond
Kalija Lipscomb,6832,,
Kalil Pimpleton,8248,,
Kamar Aiken,794,,
Kameron Brown,8888,,
Kamryn Pettway,5273,,
Kano Dillon,6399,,
Kansas City,KC,,Kansas City
Kapri Bibbs,2001,,
Karan Higdon,5976,,
Kareem Hunt,4098,,
Karel Hamilton,4364,,
Karl Schmitz,3012,,
Karlos Williams,2458,,
Kasen Williams,2611,,
Kasey Closs,2733,,
Kasey Redfern,2990,,
Kashif Moore,1758,,
Kassim Osgood,670,,
Kavontae Turpin,8917,Kavontae Turpin,Kavontae Turpin
Kawaan Baker,7752,,
Kayaune Ross,5747,,
Kaylon Geiger,8863,,
Kayshon Boutte,9504,Kayshon Boutte,Kayshon Boutte
Kazmeir Allen,11070,,
Kd Cannon,4456,,
Ke'Shawn Vaughn,6885,Ke'Shawn Vaughn,Ke'Shawn Vaughn
Keaontay Ingram,8221,Keaontay Ingram,Keaontay Ingram
Kearis Jackson,11099,Kearis Jackson,
Keaton Mitchell,9511,Keaton Mitchell,
Keaton Sutherland,,Keaton Sutherland,
Keavon Milton,1755,,
Kedrick Whitehead,,Kedrick Whitehead,
Keelan Cole,4622,,
Keelan Doss,6032,,
Keenan Allen,1479,Keenan Allen,Keenan Allen
Keenan Reynolds,3338,,
Keenen Brown,6389,,
Keeon Johnson,4641,,
Keesean Johnson,5962,,
Keevan Lucas,4823,,
Kehinde Oginni,8706,,
Keilahn Harris,11190,,
Keion Crossen,,Keion Crossen,
Keisean Nixon,,Keisean Nixon,
Keith Ford,5624,,
Keith Kirkwood,5134,Keith Kirkwood,Keith Kirkwood
Keith Marshall,3397,,
Keith Mumphery,2478,,
Keith Smith,,,Keith Smith
Keith Towbridge,4545,,
Keith Wenning,1883,,
Keke Coutee,5007,,
Kekoa Crawford,8825,,
Kellen Clemens,198,,
Kellen Davis,328,,
Kellen Mond,7581,,
Kellen Moore,1158,,
Kellen Winslow,449,,
Kelly Bryant,7110,,
Kelsey Young,3877,,
Kelvin Benjamin,2182,,
Kelvin Harmon,5884,,
Kelvin Mcknight,6438,,
Kelvin Taylor,3366,,
Kenbrell Thompkins,1655,,
Kendal Thompson,3917,,
Kendall Blanton,6081,,
Kendall Gaskins,1671,,
Kendall Hinton,7210,,
Kendall Hunter,978,,
Kendall Wright,1097,,
Kendre Miller,9757,Kendre Miller,Kendre Miller
Kendric Pryor,8783,,
Kendrick Bourne,4454,Kendrick Bourne,Kendrick Bourne
Kendrick Ings,3052,,
Kendrick Rogers,7035,,
Kene Nwangwu,7720,Kene Nwangwu,
Kenji Bahar,8057,,
Kenjon Barner,1546,,
Kennard Backman,2514,,
Kennedy Brooks,8152,,
Kenneth Dixon,3208,,
Kenneth Farrow,3532,,
Kenneth Gainwell,7567,Kenneth Gainwell,Kenneth Gainwell
Kenneth Harper,2730,,
Kenneth Walker,8151,Kenneth Walker,Kenneth Walker
Kenneth Walker,4634,Kenneth Walker,Kenneth Walker
Kenny Allen,4343,,
Kenny Bell,2465,,
Kenny Britt,366,,
Kenny Cook,2836,,
Kenny Golladay,4131,,
Kenny Hilliard,2534,,
Kenny Lawler,3398,,
Kenny Mcintosh,10216,Kenny Mcintosh,Kenny Mcintosh
Kenny Pickett,8160,Kenny Pickett,Kenny Pickett
Kenny Stills,1555,,
Kenny Yeboah,7597,Kenny Yeboah,
Kent Shelby,5357,,
Kent Taylor,4861,,
Kenyan Drake,3242,,
Kenyon Green,,Kenyon Green,
Kenzel Doe,2783,,
Keon Hatcher,4445,,
Keric Wheatfall,8892,,
Kermit Whitfield,4785,,
Kerrith Whyte,6175,,
Kerryon Johnson,5068,,
Kerwynn Williams,1441,,
Keshawn Hill,2927,,
Keshawn Martin,1102,,
Keshunn Abram,8858,,
Kevin Austin,8200,,
Kevin Brock,1007,,
Kevin Cone,945,,
Kevin Davidson,7243,,
Kevin Dorsey,1524,,
Kevin Harris,8174,,
Kevin Hogan,3318,,
Kevin Huber,353,,
Kevin Kassis,8876,,
Kevin Kolb,278,,
Kevin Marks,8424,,
Kevin Monangai,2748,,
Kevin Norwood,2276,,
Kevin O'Connell,5833,,
Kevin Ogletree,405,,
Kevin Rader,5171,,
Kevin Shaa,8697,,
Kevin Smith,2295,,
Kevin Snead,4699,,
Kevin Walter,72,,
Kevin White,2312,,
Kevonn Mabon,4708,,
Keyarris Garrett,3475,,
Keylon Stokes,10864,,
Keytaon Thompson,11344,,
Khadarel Hodge,5773,Khadarel Hodge,Khadarel Hodge
Khalan Laborn,11176,,
Khalfani Muhammad,4283,,
Khalid Abdullah,4697,,
Khalil Herbert,7608,Khalil Herbert,Khalil Herbert
Khalil Mcclain,7580,,
Khalil Shakir,8134,Khalil Shakir,Khalil Shakir
Khalil Tate,7401,,
Khari Blasingame,,,
Khari Lee,2686,,
Khiry Robinson,1720,,
Kieren Duncan,3861,,
Kilian Zierer,,Kilian Zierer,
Kip Smith,2765,,
Kirk Cousins,1166,Kirk Cousins,Kirk Cousins
Kirk Merritt,7351,Kirk Merritt,Kirk Merritt
Kivon Cartwright,3596,,
Kj Brent,3834,,
Kj Costello,8087,,
Kj Hamler,6805,,
Kj Hill,6866,,
Kj Maye,3515,,
Kj Osborn,7066,Kj Osborn,Kj Osborn
Knile Davis,1463,,
Knowshon Moreno,387,,
Ko Kieft,8484,Ko Kieft,Ko Kieft
Kobe Mccrary,5801,,
Kody Case,11359,,
Kolby Listenbee,3348,,
Konrad Reuland,984,,
Korey Robertson,5210,,
Kris Durham,990,,
Kris Leach,11447,,
Krishawn Hogan,4526,,
Kristian Wilkerson,7438,Kristian Wilkerson,
Kurt Benkert,5142,,
Kurt Warner,7,,
Kwamie Lassiter,8435,,
Kyle Allen,5127,Kyle Allen,Kyle Allen
Kyle Brindza,2649,,
Kyle Carter,3481,,
Kyle Dugger,,Kyle Dugger,
Kyle Juszczyk,,,Kyle Juszczyk
Kyle Lauletta,4996,,
Kyle Lewis,5236,,
Kyle Markway,7378,,
Kyle Miller,1299,,
Kyle Orton,388,,
Kyle Philips,8171,Kyle Philips,
Kyle Pitts,7553,Kyle Pitts,Kyle Pitts
Kyle Prater,2848,,
Kyle Rudolph,943,,
Kyle Shurmur,6269,,
Kyle Sloter,4588,,
Kyle Trask,7605,Kyle Trask,Kyle Trask
Kyle Williams,638,,
Kyle Williams,7437,,
Kylen Granson,7602,Kylen Granson,Kylen Granson
Kyler Mcmichael,,Kyler Mcmichael,
Kyler Murray,5849,Kyler Murray,Kyler Murray
Kylin Hill,7572,,
Kyren Williams,8150,Kyren Williams,Kyren Williams
Kyric Mcgowan,8595,,
L'Damian Washington,2076,,
La'El Collins,,La'El Collins,
La'Mical Perine,6908,,
La'Michael Pettway,11540,,
Lache Seastrunk,2101,,
Lachlan Edwards,3390,,
Lachlan Pitts,11543,,
Lacoltan Bester,1943,,
Ladainian Tomlinson,654,,
Ladarius Green,1139,,
Lamar Atkins,4895,,
Lamar Jackson,4881,Lamar Jackson,Lamar Jackson
Lamar Jordan,5239,,
Lamar Miller,1048,,
Lamichael James,1225,,
Lance Dunbar,1284,,
Lance Kendricks,964,,
Lance Lenoir,4750,,
Lance Lewis,1786,,
Lance Mccutcheon,8745,Lance Mccutcheon,
Lance Moore,270,,
Landen Akers,7915,,
Landon Lenoir,8705,,
Landon Rice,8026,,
Landry Jones,1411,,
Laquon Treadwell,3155,,
Laquvionte Gonzalez,5427,,
Laron Byrd,1217,,
Larry Clark,4680,,
Larry Donnell,1759,,
Larry Fitzgerald,223,,
Larry Pinkard,2769,,
Larry Rose,5618,,
Larry Rountree,7574,,
Las Vegas,LV,,Las Vegas
Latavius Murray,1476,Latavius Murray,Latavius Murray
Latrell Bumphus,,Latrell Bumphus,
Lavance Taylor,3032,,
Lavelle Hawkins,151,,
Laviska Shenault,6814,Laviska Shenault,Laviska Shenault
Lavon Coleman,5259,,
Lawrence Cager,7106,Lawrence Cager,
Lawrence Thomas,3644,,
Le'Veon Bell,1408,,
Leddie Brown,8217,,
Lee Smith,812,,
Lee Ward,2945,,
Legarrette Blount,730,,
Lenard Tillery,4636,,
Leon Washington,697,,
Leonard Fournette,3969,,
Leonard Hankerson,914,,
Leonard Taylor,11140,Leonard Taylor,
Leonte Carroo,3253,,
Leron Mcclain,121,,
Leroy Watson,8660,,
Lesean Mccoy,676,,
Leshun Daniels,4418,,
Levante Bellamy,6959,,
Levern Jacobs,4338,,
Levi Lewis,8429,,
Levi Norwood,2700,,
Levine Toilolo,1642,,
Levonte Whitfield,4784,,
Lew Nichols,9510,Lew Nichols,
Lex Hilliard,340,,
Lil'Jordan Humphrey,5938,,
Lirim Hajrullahu,7094,,
Lj Scott,6161,,
Logan Cooke,5314,,Logan Cooke
Logan Kilgore,2206,,
Logan Paulsen,587,,
Logan Stokes,2996,,
Logan Thomas,2251,Logan Thomas,Logan Thomas
Logan Woodside,5128,Logan Woodside,Logan Woodside
Lorenzo Taliaferro,1880,,
Los Angeles,LAR,,Los Angeles
Los Angeles,LAC,,Los Angeles
Lou Hedley,11107,,
Louis Murphy,396,,
Lt Smith,3025,,
Lucas Havrisik,8932,,
Lucas Krull,8249,,
Lucky Jackson,11520,,
Lucky Whitehead,2789,,
Luis Perez,5709,,
Lujuan Winningham,8650,,
Luke Falk,5108,,
Luke Farrell,7842,Luke Farrell,Luke Farrell
Luke Lundy,2914,,
Luke Mccown,248,,
Luke Musgrave,9481,Luke Musgrave,Luke Musgrave
Luke Schoonmaker,10871,Luke Schoonmaker,Luke Schoonmaker
Luke Stocker,963,,
Luke Tenuta,,Luke Tenuta,
Luke Willson,1603,,
Lynn Bowden,6909,,
M Harris,1771,,
Maalik Hall,,Maalik Hall,
Mac Hippenhammer,11247,,
Mac Jones,7527,Mac Jones,Mac Jones
Mac Mccain,,Mac Mccain,
Mack Brown,2634,,
Mack Hollins,4177,Mack Hollins,Mack Hollins
Makai Polk,8209,,
Malachi Carter,11526,,
Malachi Dupre,4243,,
Malachi Jones,5777,,
Malcolm Brown,2588,,
Malcolm Lewis,4392,,
Malcolm Mitchell,3273,,
Malcolm Perry,7109,,
Malcom Floyd,316,,
Malik Cunningham,10860,,
Malik Davis,8800,,
Malik Earl,5169,,
Malik Flowers,11192,,
Malik Hamm,,Malik Hamm,
Malik Heath,11210,Malik Heath,Malik Heath
Malik Henry,6552,,
Malik Knowles,11080,Malik Knowles,
Malik Taylor,6239,,
Malik Turner,5781,,
Malik Williams,5144,,
Malik Williams,8770,,
Malik Willis,8161,Malik Willis,Malik Willis
Manasseh Bailey,7400,,
Manasseh Garner,2604,,
Mandel Dixon,3905,,
Manny Wilkins,6343,,
Marc Mariani,539,,
Marcedes Lewis,111,Marcedes Lewis,Marcedes Lewis
Marcel Jensen,1985,,
Marcelias Sutton,6700,,
Marcell Ateman,4942,,
Marchie Murdock,5207,,
Marcus Baugh,5233,,
Marcus Cooper,11222,,
Marcus Easley,999,,
Marcus Green,6288,,
Marcus Johnson,3445,,
Marcus Jones,,Marcus Jones,
Marcus Kemp,4491,,
Marcus Leak,3584,,
Marcus Lucas,2191,,
Marcus Mariota,2307,Marcus Mariota,Marcus Mariota
Marcus Marshall,6548,,
Marcus Martin,5558,,
Marcus Murphy,2529,,
Marcus Peterson,5786,,
Marcus Santos-Silva,8589,,
Marcus Simms,6712,,
Marcus Thigpen,1050,,
Marcus Tucker,3817,,
Mario Alford,2537,,
Mario Hull,2800,,
Mario Manningham,68,,
Marion Grice,2048,,
Mark Andrews,5012,Mark Andrews,Mark Andrews
Mark Chapman,5776,,
Mark Ingram,956,,
Mark Sanchez,350,,
Mark Thompson,5463,,
Mark Vital,8101,,
Mark Walton,4997,,
Mark Weisman,2943,,
Marken Michel,3568,,
Markus Wheaton,1413,,
Marlon Brown,1675,,
Marlon Mack,4152,Marlon Mack,
Marlon Moore,511,,
Marlon Williams,7545,,
Marqise Lee,1987,,
Marqueis Gray,1636,,
Marques Colston,201,,
Marquess Wilson,1512,,
Marquette King,1253,,
Marquez Callaway,6989,,
Marquez Clark,2846,,
Marquez North,3464,,
Marquez Stevenson,7556,,
Marquez Valdes-Scantling,5086,Marquez Valdes-Scantling,Marquez Valdes-Scantling
Marquis Bundy,3889,,
Marquis Young,6742,,
Marquise Brown,5848,Marquise Brown,Marquise Brown
Marquise Goodwin,1346,Marquise Goodwin,Marquise Goodwin
Marquise Williams,3524,,
Marshall Koehn,3490,,
Marshall Morgan,3579,,
Marshaun Coprich,3531,,
Marshawn Lynch,745,,
Marshon Ford,9485,,
Martavis Bryant,1916,,
Martellus Bennett,40,,
Martez Carter,5138,,
Marvell Tell,,Marvell Tell,
Marvelle Ross,7286,,
Marvin Bracy,4813,,
Marvin Hall,3895,,
Marvin Jones,1067,Marvin Jones,Marvin Jones
Marvin Mims,9494,Marvin Mims,Marvin Mims
Mason Crosby,59,,
Mason Fine,7102,,
Mason Kinsey,7436,,
Mason Rudolph,4972,Mason Rudolph,Mason Rudolph
Mason Schreck,4229,,
Master Teague,8149,,
Mataeo Durant,8233,,
Mathew Sexton,7619,,
Matt Ammendola,7617,,
Matt Araiza,8486,,
Matt Asiata,936,,
Matt Barkley,1338,,
Matt Blanchard,1738,,
Matt Bosher,944,,
Matt Breida,4455,Matt Breida,Matt Breida
Matt Bryant,127,,
Matt Bushman,7992,,
Matt Cassel,389,,
Matt Colburn,6385,,
Matt Cole,7352,,
Matt Corral,8164,Matt Corral,
Matt Darr,2963,,
Matt Flanagan,5194,,
Matt Fleming,5699,,
Matt Flynn,144,,
Matt Forte,103,,
Matt Gay,6083,Matt Gay,Matt Gay
Matt Haack,4390,,
Matt Hasselbeck,36,,
Matt Hazel,1821,,
Matt Hembrough,,Matt Hembrough,
Matt Hennessy,,Matt Hennessy,
Matt Jones,2400,,
Matt Lacosse,2944,,
Matt Landers,10869,,
Matt Lengel,3036,,
Matt Linehan,5208,,
Matt Moore,233,,
Matt Orzech,,,
Matt Prater,17,Matt Prater,Matt Prater
Matt Ryan,24,,
Matt Schaub,178,,
Matt Seybert,8074,,
Matt Simms,1807,,
Matt Sokol,6233,,
Matt Spaeth,250,,
Matt Waletzko,,Matt Waletzko,
Matt Weiser,3648,,
Matt Wile,3008,,
Matthew Dayes,4232,,
Matthew Eaton,6468,,
Matthew Mccrane,5386,,
Matthew Mcgloin,1747,,
Matthew Mulligan,469,,
Matthew Slater,312,Matthew Slater,
Matthew Stafford,421,Matthew Stafford,Matthew Stafford
Matthew Trickett,11532,,
Matthew Tucker,1336,,
Matthew Wright,6268,,
Maurice Alexander,8921,,
Maurice Ffrench,7234,,
Maurice Harris,3650,,
Maurice Jones-Drew,293,,
Max Borghi,8218,,
Max Duffy,8066,,
Max Duggan,10233,,
Max Mccaffrey,3840,,
Max Wittek,3551,,
Maxx Williams,2360,,
Mcleod Bethel-Thompson,975,,
Mecole Hardman,5917,Mecole Hardman,Mecole Hardman
Mekale Mckay,3418,,
Mekhi Sargent,8085,,
Melvin Gordon,2320,,
Miami Dolphins,MIA,,Miami Dolphins
Micah Simon,7618,,
Micah Wright,6663,,
Michael Badgley,5230,,
Michael Bandy,8076,,
Michael Bennett,2969,,
Michael Burton,,,Michael Burton
Michael Campanaro,1866,,
Michael Carrizosa,5537,,
Michael Carter,7607,Michael Carter,Michael Carter
Michael Clark,4376,,
Michael Colubiale,6590,,
Michael Cooper,3649,,
Michael Cox,1491,,
Michael Crabtree,455,,
Michael Dereus,7457,,
Michael Dickson,5011,,Michael Dickson
Michael Dyer,2597,,
Michael Egnew,1256,,
Michael Ezeike,11126,,
Michael Floyd,1219,,
Michael Ford,1503,,
Michael Gallup,5038,Michael Gallup,Michael Gallup
Michael Hill,1624,,
Michael Hoomanawanui,622,,
Michael Jacobson,8094,,
Michael Koenen,302,,
Michael Mayer,9482,Michael Mayer,Michael Mayer
Michael Palardy,2818,,
Michael Pittman,6819,Michael Pittman,Michael Pittman
Michael Preston,1313,,
Michael Rector,4599,,
Michael Roberts,4164,,
Michael Robinson,723,,
Michael Thomas,3199,Michael Thomas,Michael Thomas
Michael Turk,7072,,
Michael Turk,11397,,
Michael Vick,461,,
Michael Walker,6363,,
Michael Warren,6992,,
Michael Williams,1520,,
Michael Wilson,10232,Michael Wilson,Michael Wilson
Michael Woods,8202,Michael Woods,Michael Woods
Michael Young,8828,,
Micheal Spurlock,504,,
Mickey Shuler,737,,
Micky Crum,6737,,
Mik'Quan Deane,6490,,
Mikah Holder,5294,,
Mike Bercovici,3495,,
Mike Boone,5209,Mike Boone,Mike Boone
Mike Brown,1321,,
Mike Davis,2431,,
Mike Estes,4807,,
Mike Evans,2216,Mike Evans,Mike Evans
Mike Gesicki,4993,Mike Gesicki,Mike Gesicki
Mike Gillislee,1353,,
Mike Glennon,1559,,
Mike Harley,8421,,
Mike Hartline,3026,,
Mike Hughes,,Mike Hughes,
Mike James,1560,,
Mike Johnson,2754,,
Mike Kafka,586,,
Mike Mcfarland,2867,,
Mike Meyer,2819,,
Mike Miller,3588,,
Mike Nugent,658,,
Mike Scifres,9,,
Mike Strachan,7944,,
Mike Thomas,3652,,
Mike Wallace,365,,
Mike Weber,6159,,
Mike White,5089,Mike White,Mike White
Mike Williams,748,Mike Williams,Mike Williams
Mike Williams,4068,Mike Williams,Mike Williams
Mikey Daniel,7172,,
Miles Austin,122,,
Miles Boykin,5965,Miles Boykin,Miles Boykin
Miles Sanders,6151,Miles Sanders,Miles Sanders
Miles Shuler,3858,,
Miller Forristall,7854,,
Milton Williams,2941,,
Milton Wright,11536,Milton Wright,
Minnesota Vikings,MIN,,Minnesota Vikings
Mitch Leidner,4839,,
Mitch Mathews,3516,,
Mitch Trubisky,3976,Mitch Trubisky,Mitchell Trubisky
Mitch Wishnowsky,6173,,Mitch Wishnowsky
Mitchell Henry,2772,,
Mitchell Paige,4727,,
Mitchell Tinsley,11068,Mitchell Tinsley,
Mitchell Wilcox,6894,Mitchell Wilcox,Mitchell Wilcox
Mj Mcfarland,3880,,
Mo Alie-Cox,4054,Mo Alie-Cox,Mo Alie-Cox
Mohamed Ibrahim,10651,,
Mohamed Sanu,1071,,
Montario Hunter,3922,,
Montay Crockett,4377,,
Montee Ball,1454,,
Montrell Washington,8475,,
Monty Madaris,4367,,
Moral Stephens,6586,,
Moritz Bohringer,3336,,
Mose Frazier,3622,,
Mychal Rivera,1477,,
Mycole Pruitt,2446,Mycole Pruitt,Mycole Pruitt
Myjai Sanders,,Myjai Sanders,
Myles Bryant,,Myles Bryant,
Myles Gaskin,5980,Myles Gaskin,Myles Gaskin
Myles White,1765,,
Myles White,3050,,
Myron Mitchell,7578,,
N'Keal Harry,5878,,
Nahshon Wright,,Nahshon Wright,
Najee Harris,7528,Najee Harris,Najee Harris
Najee Harris,4510,Najee Harris,Najee Harris
Nakia Griffin-Stewart,7359,,
Napoleon Maxwell,7475,,
Nate Adkins,11433,Nate Adkins,
Nate Becker,6535,,
Nate Iese,4803,,
Nate Mccrary,8058,,
Nate Stanley,6892,,
Nate Sudfeld,3343,Nate Sudfeld,
Nate Washington,370,,
Nate Wieting,7245,,
Nathan Cottrell,7466,,
Nathan Palmer,1276,,
Nathan Peterman,4183,Nathan Peterman,
Nathan Rourke,8938,,
Nathaniel Dell,,,Nathaniel Dell
Naz Bohannon,8890,,
Nazeeh Johnson,,Nazeeh Johnson,
Neal Sterling,2519,,
Neil Pau'U,8436,,
Nelson Agholor,2325,Nelson Agholor,Nelson Agholor
Nelson Spruce,3484,,
New England,NE,,New England
New Orleans,NO,,New Orleans
New York,NYG,,New York
New York,NYJ,,New York
Nic Jacobs,2203,,
Nic Shimonek,5265,,
Nicholas Petit-Frere,,Nicholas Petit-Frere,
Nick Bellore,,,Nick Bellore
Nick Bosa,,Nick Bosa,
Nick Bowers,7308,,
Nick Boyle,2474,,
Nick Brossette,6021,,
Nick Chubb,4988,Nick Chubb,Nick Chubb
Nick Deluca,5670,,
Nick Easley,6227,,
Nick Eubanks,7859,,
Nick Fitzgerald,6606,,
Nick Foles,1029,,
Nick Folk,650,Nick Folk,Nick Folk
Nick Guggemos,8038,,
Nick Harwell,2788,,
Nick Holley,5710,,
Nick Kasa,1473,,
Nick Keizer,5465,,
Nick Moore,,Nick Moore,
Nick Mullens,4464,Nick Mullens,Nick Mullens
Nick Muse,8523,Nick Muse,
Nick Novak,168,,
Nick O'Leary,2495,,
Nick Ralston,7941,,
Nick Rose,3673,,
Nick Schuessler,4926,,
Nick Sciba,8893,,
Nick Stevens,5745,,
Nick Tiano,7465,,
Nick Toon,1189,,
Nick Truesdell,3921,,
Nick Vannett,3258,,
Nick Vogel,7201,,
Nick Westbrook-Ikhine,7496,Nick Westbrook-Ikhine,Nick Westbrook-Ikhine
Nick Williams,11530,,
Nick Williams,1604,,
Nico Collins,7569,Nico Collins,Nico Collins
Nico Evans,6637,,
Nigel King,2790,,
Nik Needham,,Nik Needham,
Nikko Remigio,11320,Nikko Remigio,
Nikola Kalinic,8107,,
Niles Paul,918,,
Noah Brown,4234,Noah Brown,Noah Brown
Noah Fant,5857,Noah Fant,Noah Fant
Noah Gindorff,11225,,
Noah Gray,7828,Noah Gray,Noah Gray
Noah Togiai,7404,,
Noel Thomas,4600,,
Nolan Cooney,7909,,Nolan Cooney
Nolan Givan,8817,,
Nolan Henderson,11388,,
Nsimba Webster,6387,,
Nyheim Hines,5347,Nyheim Hines,
Nyqwan Murray,5950,,
Ochaun Mathis,,Ochaun Mathis,
Odell Beckham,2078,Odell Beckham,Odell Beckham
Oj Howard,4055,,
Olamide Zaccheaus,6271,Olamide Zaccheaus,Olamide Zaccheaus
Oliver Martin,11136,,
Omar Bayless,7080,,
Orleans Darkwa,1819,,
Orson Charles,1065,,
Oscar Draguicevich,7871,,
Osirus Mitchell,7860,,
Otis Anderson,8077,,
Otito Ogbonnia,,Otito Ogbonnia,
Owen Daniels,64,,
Owen Wright,11384,,
Papi White,6364,,
Parker Hesse,6662,,
Parker Houston,7397,,
Parker Washington,9487,Parker Washington,
Parker White,8937,,
Parris Campbell,5880,Parris Campbell,Parris Campbell
Pat Devlin,802,,
Pat Elflein,,Pat Elflein,
Pat Freiermuth,7600,Pat Freiermuth,Pat Freiermuth
Pat Mcafee,378,,
Pat O'Donnell,2113,,
Patrick Carr,7425,,
Patrick Laird,6311,,
Patrick Mahomes,4046,Patrick Mahomes,Patrick Mahomes
Patrick Murray,2219,,
Patrick Murtagh,11245,,
Patrick Ricard,,,Patrick Ricard
Patrick Taylor,6963,,
Paul Browning,2674,,
Paul Butler,5588,,
Paul Lang,3897,,
Paul Lasike,2835,,
Paul Mcroberts,3470,,
Paul Perkins,3211,,
Paul Quessenberry,7499,,
Paul Richardson,2279,,
Paul Turner,3783,,
Paxton Lynch,3170,,
Payne Durham,10227,Payne Durham,
Penny Hart,5902,Penny Hart,
Percy Harvin,429,,
Pete Guerriero,7079,,
Peter Mortell,3726,,
Peter Pujals,5403,,
Peyton Barber,3594,,
Peyton Hendershot,8197,Peyton Hendershot,Peyton Hendershot
Peyton Hillis,660,,
Peyton Manning,294,,
Pharaoh Brown,4443,,
Pharoah Mckever,5280,,
Pharoh Cooper,3278,,
Phazahn Odom,4725,,
Phidarian Mathis,,Phidarian Mathis,
Phil Dawson,229,,
Philadelphia Eagles,PHI,,Philadelphia Eagles
Philip Rivers,331,,
Phillip Andersen,5838,,
Phillip Dorsett,2334,,
Phillip Lindsay,5170,,
Phillip Sims,2651,,
Phillip Supernaw,1787,,
Phillip Tanner,906,,
Pierre Garcon,269,,
Pierre Strong,8116,Pierre Strong,Pierre Strong
Pierre Thomas,34,,
Pig Howard,4805,,
Pittsburgh Steelers,PIT,,Pittsburgh Steelers
Pj Locke,,Pj Locke,
Pj Walker,,,
Pj Walker,4335,,
Pokey Wilson,11130,,
Pooka Williams,7560,,
Pressley Harvin,7753,,Pressley Harvin
Preston Parker,620,,
Preston Williams,6148,,
Princeton Fant,11508,,
Pro Wells,7985,,
Puka Nacua,9493,Puka Nacua,
Qadree Ollison,6002,,
Quadree Henderson,5279,,
Quan Bray,2887,,
Quartney Davis,6879,,
Quayvon Hicks,3646,,
Quentin Johnston,9754,Quentin Johnston,Quentin Johnston
Quenton Bundrage,3770,,
Quez Watkins,6927,Quez Watkins,Quez Watkins
Quincy Adeboyejo,4342,,
Quincy Enunwa,1854,,
Quincy Mcduffie,4910,,
Quinn Nordin,8040,,
Quinshad Davis,3711,,
Quintez Cephus,6895,,
Quintin Morris,7536,Quintin Morris,Quintin Morris
Quinton Flowers,5165,,
Quinton Patton,1589,,
Quron Pratt,1801,,
Ra'Shaun Henry,8571,Ra'Shaun Henry,
Racey Mcmath,7793,,
Rachaad White,8136,Rachaad White,Rachaad White
Raekwon Mcmillan,,Raekwon Mcmillan,
Raheem Blackshear,8255,Raheem Blackshear,Raheem Blackshear
Raheem Mostert,2749,Raheem Mostert,Raheem Mostert
Rajion Neal,2142,,
Rakeem Boyd,7532,,
Rakim Jarrett,9495,Rakim Jarrett,Rakim Jarrett
Raleigh Webb,8732,,
Ralph Webb,5192,,
Ramiz Ahmed,7105,,
Randall Cobb,928,Randall Cobb,Randall Cobb
Randall Telfer,2499,,
Randy Bullock,1099,,
Rannell Hall,2823,,
Raphael Leonard,6361,,
Rashaad Penny,4985,Rashaad Penny,Rashaad Penny
Rashad Fenton,,Rashad Fenton,
Rashad Greene,2442,,
Rashad Jennings,380,,
Rashad Lawrence,2095,,
Rashad Medaris,7395,,
Rashad Ross,1724,,
Rashad Torrence,,Rashad Torrence,
Rashard Davis,4828,,
Rashard Higgins,3328,,
Rashard Mendenhall,145,,
Rashaun Allen,2268,,
Rashaun Simonise,3911,,
Rashawn Scott,3457,,
Rashee Rice,10229,Rashee Rice,Rashee Rice
Rasheed Bailey,2753,,
Rasheed Williams,2936,,
Rashid Shaheed,8676,Rashid Shaheed,Rashid Shaheed
Rashod Bateman,7571,Rashod Bateman,Rashod Bateman
Ray Gene,6691,,
Ray Hamilton,2870,,
Ray Lawry,5252,,
Ray Rice,16,,
Ray-Ray Mccloud,5096,Ray-Ray Mccloud,
Raymond Calais,6988,,
Redford Jones,5837,,
Reece Horn,3893,,
Reggie Begelton,6763,,
Reggie Bell,2638,,
Reggie Bonnafon,5162,,
Reggie Bush,179,,
Reggie Corbin,6978,,
Reggie Davis,4681,,
Reggie Davis,4778,,
Reggie Diggs,3655,,
Reggie Dunn,1406,,
Reggie Gilliam,7204,,Reggie Gilliam
Reggie Roberson,8175,,
Reggie Wayne,194,,
Reggie White,6261,,
Reid Sinnett,7159,,
Renell Wren,,Renell Wren,
Rex Burkhead,1387,,
Rex Grossman,679,,
Rhamondre Stevenson,7611,Rhamondre Stevenson,Rhamondre Stevenson
Rhett Ellison,1211,,
Rian Lindell,256,,
Ricardo Lockette,992,,
Ricardo Louis,3275,,
Richard Gordon,885,,
Richard Mullaney,3732,,
Richard Rodgers,2146,,
Richie Brockel,1014,,
Richie James,5137,Richie James,Richie James
Richie Leone,1873,,
Ricky Collins,2935,,
Ricky Jeune,5428,,
Ricky Person,8239,,
Ricky Seale,2600,,
Ricky Seals-Jones,4531,Ricky Seals-Jones,
Ricky Stanzi,881,,
Rico Bussey,7901,,
Rico Dowdle,7021,Rico Dowdle,Rico Dowdle
Rico Gafford,5197,,
Rico Gathers,3372,,
Rico Richardson,1618,,
Rigoberto Sanchez,4331,,Rigoberto Sanchez
Riley Cooper,582,,
Riley Dixon,3383,,Riley Dixon
Riley Ferguson,5270,,
Riley Lees,7988,,
Riley Mccarron,4614,,
Riley Neal,7158,,
Riley Patterson,7922,Riley Patterson,Riley Patterson
Riley Ridley,5873,,
Rishard Matthews,1046,,
River Cracraft,4854,River Cracraft,River Cracraft
Rj Archer,2609,,
Rj Harris,2723,,
Rj Shelton,4411,,
Rob Blanchflower,1915,,
Rob Gronkowski,515,,
Rob Housler,971,,
Rob Kelley,3657,,
Robbie Chosen,3423,,
Robbie Gould,49,,
Robert Beal,,Robert Beal,
Robert Burns,11060,,
Robert Davis,4285,,
Robert Foster,5250,,
Robert Griffin,1169,,
Robert Herron,2217,,
Robert Jones,,Robert Jones,
Robert Malone,746,,
Robert Martin,5700,,
Robert Meachem,230,,
Robert Tonyan,4602,Robert Tonyan,Robert Tonyan
Robert Turbin,1232,,
Robert Wheelwright,4790,,
Robert Woods,1352,Robert Woods,Robert Woods
Roberto Aguayo,3201,,
Roc Thomas,5274,,
Rod Streater,1138,,
Roddy White,4,,
Roderick Johnson,,Roderick Johnson,
Rodney Adams,4208,,
Rodney Anderson,5918,,
Rodney Smith,2892,,
Rodney Smith,7101,,
Rodney Smith,1631,,
Rodney Williams,8757,,
Rodrigo Blankenship,7062,,
Roger Carter,8747,,
Roger Lewis,3519,,
Roland Rivers,7897,,
Romar Morris,3883,,
Romell Guerrier,6394,,
Romello Brooker,6388,,
Romeo Doubs,8121,Romeo Doubs,Romeo Doubs
Ron'Quavion Tarver,6240,,
Ronald Awatt,11182,,
Ronald Jones,5052,Ronald Jones,
Rondale Moore,7601,Rondale Moore,Rondale Moore
Ronnie Bell,10221,Ronnie Bell,Ronnie Bell
Ronnie Brown,11413,,
Ronnie Brown,258,,
Ronnie Hillman,1123,,
Ronnie Rivers,8195,Ronnie Rivers,Ronnie Rivers
Ronnie Shields,3100,,
Rory Anderson,2553,,
Roschon Johnson,10235,Roschon Johnson,Roschon Johnson
Ross Dwelley,5285,Ross Dwelley,Ross Dwelley
Ross Martin,3460,,
Ross Scheuerman,2981,,
Ross Travis,3041,,
Roy Helu,915,,
Roy Lopez,,Roy Lopez,
Royce Freeman,5046,,
Rueben Randle,1164,,
Rushel Shell,4923,,
Russell Gage,5110,Russell Gage,
Russell Hansbrough,3461,,
Russell Shepard,1333,,
Russell Wilson,1234,Russell Wilson,Russell Wilson
Ryan Allen,1694,,
Ryan Anderson,6504,,
Ryan Becker,7162,,
Ryan Broyles,1154,,
Ryan Davis,6036,,
Ryan Finley,5885,,
Ryan Fitzpatrick,333,,
Ryan Grant,2093,,
Ryan Green,5352,,
Ryan Griffin,1425,,
Ryan Griffin,1550,,
Ryan Hewitt,1891,,
Ryan Izzo,5094,,
Ryan Jensen,,Ryan Jensen,
Ryan Jones,11298,,
Ryan Lankford,1966,,
Ryan Lindley,1221,,
Ryan Malleck,3506,,
Ryan Mallett,810,,
Ryan Mathews,571,,
Ryan Mcdaniel,8891,,
Ryan Miller,11421,,
Ryan Nall,5163,,
Ryan Nassib,1495,,
Ryan O'Malley,3842,,
Ryan Otten,1664,,
Ryan Quigley,1151,,
Ryan Santoso,5692,,
Ryan Smenda,,Ryan Smenda,
Ryan Smith,5547,,
Ryan Spadola,1610,,
Ryan Stonehouse,8538,,Ryan Stonehouse
Ryan Succop,391,,
Ryan Switzer,4162,,
Ryan Tannehill,1049,Ryan Tannehill,Ryan Tannehill
Ryan Taylor,934,,
Ryan Whalen,832,,
Ryan Williams,974,,
Ryan Willis,8103,,
Ryan Winslow,5639,,
Ryan Wright,8528,,Ryan Wright
Ryan Yurachek,5718,,
Ryquell Armstead,6007,,
Rysen John,7379,,
Saalim Hakim,1322,,
Saeed Blacknall,5135,,
Sage Surratt,7576,,
Sal Cannella,8089,,
Salvon Ahmed,6918,Salvon Ahmed,Salvon Ahmed
Sam Bradford,621,,
Sam Cotton,4730,,
Sam Darnold,4943,Sam Darnold,Sam Darnold
Sam Ehlinger,7583,Sam Ehlinger,Sam Ehlinger
Sam Ficken,3909,,
Sam Howell,8162,Sam Howell,Sam Howell
Sam Irwin-Hill,4062,,
Sam James,9496,,
Sam Koch,13,,
Sam Laporta,10859,Sam Laporta,Sam Laporta
Sam Martin,1516,,Sam Martin
Sam Sloman,7152,,
Samaje Perine,4147,Samaje Perine,Samaje Perine
Sammie Coates,2392,,
Sammis Reyes,7622,,
Sammy Watkins,1817,,
Samori Toure,8235,Samori Toure,Samori Toure
Samson Nacua,8824,,
San Francisco,SF,,San Francisco
Sandro Platzgummer,7412,,
Santana Moss,69,,
Santonio Holmes,651,,
Saquon Barkley,4866,Saquon Barkley,Saquon Barkley
Sarodorick Thompson,11104,,
Savon Scarver,8700,,
Scooter Harrington,7848,,
Scott Chandler,768,,
Scott Miller,6290,Scotty Miller,Scotty Miller
Scott Orndoff,4309,,
Scott Quessenberry,,Scott Quessenberry,
Scott Simonson,2040,,
Scott Tolzien,896,,
Scottie Phillips,7005,,
Scotty Washington,7237,,
Sean Clifford,10983,Sean Clifford,Sean Clifford
Sean Culkin,4660,,
Sean Mannion,2394,,
Sean Mcgrath,1323,,
Sean Mckeon,6964,,
Sean Modster,6459,,
Sean Renfree,1544,,
Sean Riley,7368,,
Sean Ryan,11387,,
Sean Ryan,5834,,
Sean Tucker,9506,Sean Tucker,Sean Tucker
Seantavius Jones,2205,,
Seattle Seahawks,SEA,,Seattle Seahawks
Sebastian Janikowski,118,,
Sefo Liufau,4475,,
Seneca Wallace,662,,
Senorise Perry,2114,,
Sergio Bailey,5408,,
Sergio Bailey,5396,,
Sergio Castillo,7515,,
Seth Dawkins,7426,,
Seth Devalve,3296,,
Seth Green,8539,,
Seth Lobato,1967,,
Seth Roberts,2039,,
Seth Vernon,8655,,
Seth Williams,7534,,
Seyi Ajirotutu,570,,
Shae Wyatt,11172,,
Shaka Toney,,Shaka Toney,
Shakeir Ryan,4721,,
Shakel Brown,,Shakel Brown,
Shakim Phillips,2774,,
Shane Buechele,8002,,
Shane Carden,2903,,
Shane Leatherbury,7161,,
Shane Lechler,307,,
Shane Tripucka,5413,,
Shane Vereen,814,,
Shane Wimann,5663,,
Shane Wynn,2603,,
Shane Zylstra,8041,Shane Zylstra,
Shannon Brooks,7104,,
Shaq Hill,4613,,
Shaq Roland,5638,,
Shaquan Davis,11105,,
Shaquelle Evans,1855,,
Shaun Beyer,8018,,
Shaun Bradley,,Shaun Bradley,
Shaun Draughn,913,,
Shaun Hill,686,,
Shaun Suisham,763,,
Shaun Wilson,5395,,
Shawn Bane,6357,,
Shawn Poindexter,6554,,
Shay Fields,5431,,
Shayne Graham,758,,
Shea Patterson,7063,,
Shedrick Jackson,11257,,
Shelton Gibson,4214,,
Shemar Bridges,8731,,
Sherman Badie,5752,,
Shermari Jones,8242,,
Shi Smith,7603,,
Shonn Greene,348,,
Siaosi Mariner,7309,,
Sidney Rice,14,,
Silas Redd,2100,,
Simi Fehoko,7812,,
Simmie Cobbs,5164,,
Sincere Mccormick,8220,,
Sione Houma,3615,,
Sirgeo Hoffman,7393,,
Skye Dawson,1627,,
Skylar Thompson,8206,Skylar Thompson,
Skyler Howard,4936,,
Skyy Moore,8168,Skyy Moore,Skyy Moore
Slade Bolden,8191,,
Snoop Conner,8179,,
Solomon Patton,2221,,
Soma Vainuku,3640,,
Sony Michel,4962,,
Speedy Noil,4938,,
Spencer Brown,7867,,
Spencer Lanning,1707,,
Spencer Larsen,241,,
Spencer Schnell,6593,,
Spencer Ware,1601,,
Stacy Coley,4254,,
Stanley Berryhill,8419,,
Stanley Morgan,6069,,
Stanley Williams,4373,,
Stedman Bailey,1568,,
Stefon Diggs,2449,Stefon Diggs,Stefon Diggs
Stepfan Taylor,1579,,
Stephen Anderson,3496,,
Stephen Baggett,5609,,
Stephen Carlson,6451,,
Stephen Gostkowski,110,,
Stephen Guidry,7462,,
Stephen Hauschka,775,,
Stephen Hill,1054,,
Stephen Houston,1841,,
Stephen Louis,6342,,
Stephen Morris,1990,,
Stephen Sullivan,6970,Stephen Sullivan,
Stephon Robinson,8633,,
Sterling Hofrichter,7141,,
Sterling Shepard,3200,Sterling Shepard,Sterling Shepard
Stetson Bennett,10857,Stetson Bennett,Stetson Bennett
Stevan Ridley,811,,
Steve Ishmael,5262,,
Steve Johnson,108,,
Steve Maneri,716,,
Steve Smith,169,,
Steve Weatherford,484,,
Steven Clark,2994,,
Steven Dunbar,5391,,
Steven Jackson,57,,
Steven Mitchell,5132,,
Steven Montez,7013,,
Steven Scheu,3504,,
Steven Sims,6402,,
Steven Wroblewski,4535,,
Stevie Donatell,4747,,
Stevie Scott,7904,,
Stone Smartt,8583,Stone Smartt,Stone Smartt
Stone Wilson,6600,,
Storm Johnson,1986,,
Swayze Waters,3146,,
Sy Barnett,11111,,
Synjyn Days,2949,,
Taiwan Deal,6106,,
Taiwan Jones,886,,
Taj Mcgowan,6705,,
Taj Williams,5224,,
Tajae Sharpe,3297,,
Tajh Boyd,1850,,
Talolo Limi-Jones,8573,,
Tamorrion Terry,7604,,
Tampa Bay,TB,,Tampa Bay
Tandon Doss,822,,
Tank Bigsby,9225,Tank Bigsby,Tank Bigsby
Tank Dell,9502,Tank Dell,
Tanner Brown,11145,,
Tanner Conner,8849,,
Tanner Gentry,4551,,
Tanner Hudson,5409,,
Tanner Lee,5118,,
Tanner Mcevoy,3788,,
Tanner Mckee,9230,Tanner Mckee,
Tanner Morgan,11214,,
Tanner Taula,11415,,
Taquan Mizzell,4349,,
Tarik Black,8005,,
Tarik Cohen,4157,,
Tarvaris Jackson,154,,
Tarvarius Moore,,Tarvarius Moore,
Taryn Christion,6489,,
Tashard Choice,66,,
Tautala Pesefea,,Tautala Pesefea,
Tavarres King,1456,,
Tavien Feaster,7103,,
Tavion Thomas,9755,,
Tavon Austin,1567,,
Tavonn Salter,6755,,
Tay Gowan,,Tay Gowan,
Tay Martin,8250,,
Taye Barber,11418,,
Tayler Hawkins,,Tayler Hawkins,
Taylor Bertolet,3467,,
Taylor Cornelius,6428,,
Taylor Gabriel,1903,,
Taylor Grimes,11445,,
Taylor Heinicke,2711,Taylor Heinicke,Taylor Heinicke
Taylor Mcnamara,4563,,
Taylor Pontius,2915,,
Taylor Russolino,7518,,
Taylor Sloat,2921,,
Taylor Symmank,3984,,
Taylor Thompson,1073,,
Tayon Fleet-Davis,8707,,
Taysir Mack,8613,,
Taysom Hill,4381,Taysom Hill,Taysom Hill
Taywan Taylor,4125,,
Teagan Quitoriano,8227,Teagan Quitoriano,Teagan Quitoriano
Ted Bolser,2090,,
Ted Ginn,695,,
Teddy Bridgewater,2152,Teddy Bridgewater,Teddy Bridgewater
Tee Higgins,6801,Tee Higgins,Tee Higgins
Temarrick Hemingway,3333,,
Tennessee Titans,TEN,,Tennessee Titans
Teo Redding,5255,,
Terez Hall,,Terez Hall,
Terrace Marshall,7565,Terrace Marshall,Terrace Marshall
Terrance West,1912,,
Terrance Williams,1490,,
Terrell Bynum,11115,,
Terrell Newby,4408,,
Terrell Sinkfield,1652,,
Terrell Watson,2598,,
Terrelle Pryor,1020,,
Terrence Magee,2556,,
Terron Ward,2621,,
Terry Godwin,5977,,
Terry Mclaurin,5927,Terry Mclaurin,Terry Mclaurin
Terry Swanson,5201,,
Terry Williams,3929,,
Terry Wright,6492,,
Tevaun Smith,3583,,
Teven Jenkins,,Teven Jenkins,
Tevin Coleman,2378,,
Tevin Jones,3730,,
Tevin Reese,2052,,
Tevin Westbrook,2845,,
Thaddeus Lewis,1022,,
Thaddeus Moss,6919,,
Thayer Thomas,11073,,
Theo Riddick,1517,,
Thomas Duarte,3386,,
Thomas Graham,,Thomas Graham,
Thomas Greaney,11351,,
Thomas Hennigan,8437,,
Thomas Howard,245,,
Thomas Ives,6465,,
Thomas Morstead,445,,
Thomas Odukoya,8924,,
Thomas Rawls,2585,,
Thomas Sperbeck,4479,,
Thyrick Pitts,11266,,
Tim Boyle,5257,,
Tim Cook,4623,,
Tim Demorat,11163,,
Tim Flanders,2200,,
Tim Hightower,83,,
Tim Jones,8013,Tim Jones,Tim Jones
Tim Masthay,598,,
Tim Patrick,4351,Tim Patrick,
Tim Semisch,2595,,
Tim Tebow,559,,
Tim White,4355,,
Tim Wilson,5714,,
Timothy Wright,1635,,
Tion Green,4596,,
Titus Davis,2580,,
Titus Leo,,Titus Leo,
Titus Swen,9507,,
Tiyon Evans,9223,,
Tj Hockenson,5844,Tj Hockenson,Tj Hockenson
Tj Jones,2121,,
Tj Linta,6522,,
Tj Logan,4186,,
Tj Luther,11312,,
Tj Pledger,8407,,
Tj Rahming,6401,,
Tj Simmons,7960,,
Tj Thorpe,3918,,
Tj Vasher,7862,,
Tj Yates,857,,
Tj Yeldon,2341,,
Tobais Palmer,1665,,
Toby Baker,4729,,
Toby Gerhart,604,,
Todd Gurley,2315,,
Tom Brady,167,,
Tom Flacco,7099,,
Tom Hornsey,2951,,
Tom Kennedy,6588,,
Tom Obarski,2834,,
Tom Savage,1957,,
Tommy Armstrong,4794,,
Tommy Devito,11292,,
Tommy Doyle,,Tommy Doyle,
Tommy Heatherly,8855,,
Tommy Hudson,7439,,
Tommy Stevens,7149,,
Tommy Streeter,1060,,
Tommy Sweeney,6137,Tommy Sweeney,
Tommy Townsend,7307,,Tommy Townsend
Tommy Tremble,7694,Tommy Tremble,Tommy Tremble
Tommylee Lewis,3614,,
Tony Brooks-James,6585,,
Tony Brown,7078,,
Tony Creecy,2875,,
Tony Johnson,2862,,
Tony Jones,2639,,
Tony Jones,6984,,
Tony Moeaki,565,,
Tony Poljan,7972,,
Tony Pollard,5967,Tony Pollard,Tony Pollard
Tony Romo,142,,
Tony Scheffler,688,,
Tony Stevens,4497,,
Tony Washington,1978,,
Toriano Clinton,11538,,
Torrence Allen,2041,,
Torrey Smith,826,,
Tra Barnett,7097,,
Tra Carson,3688,,
Trace Mcsorley,5974,,
Trai Turner,,Trai Turner,
Travaris Cadet,1185,,
Travell Harris,8252,,
Travin Dural,4520,,
Travis Benjamin,1077,,
Travis Coons,1929,,
Travis Dye,10865,,
Travis Etienne,7543,Travis Etienne,Travis Etienne
Travis Fulgham,6059,,
Travis Harvey,2837,,
Travis Homer,6012,Travis Homer,Travis Homer
Travis Jonsen,7454,,
Travis Kelce,1466,Travis Kelce,Travis Kelce
Travis Koontz,8905,,
Travis Labhart,1953,,
Travis Rudolph,4644,,
Travis Toivonen,8070,,
Travis Vokolek,11381,,
Travis Wilson,4031,,
Travon Mcmillian,6236,,
Trayone Gray,6506,,
Trayveon Williams,6144,Trayveon Williams,Trayveon Williams
Trayvon Mullen,,Trayvon Mullen,
Tre Ford,8553,,
Tre Harbison,8027,,
Tre Madden,3564,,
Tre Mason,2231,,
Tre Mcbride,2544,,
Tre Nixon,7546,Tre Nixon,
Tre Tucker,10213,Tre Tucker,
Tre Turner,8169,,
Tre Walker,7978,,
Tre' Mckitty,7554,Tre' Mckitty,Tre' Mckitty
Tre'Quan Smith,5026,Tre'Quan Smith,Tre'Quan Smith
Tre'Shaun Harrison,11456,,
Trent Edwards,739,,
Trent Richardson,1082,,
Trent Sherfield,5154,Trent Sherfield,Trent Sherfield
Trent Steelman,2752,,
Trent Taylor,4218,Trent Taylor,
Trenton Cannon,5123,,
Trenton Gill,8508,,Trenton Gill
Trenton Irwin,6598,Trenton Irwin,Trenton Irwin
Tress Way,1506,,Tress Way
Trestan Ebner,8189,,
Trevion Thompson,6248,,
Trevon Bradford,8581,,
Trevon Clark,8549,,
Trevon Grimes,7949,,
Trevon Wesco,6181,Trevon Wesco,Trevon Wesco
Trevone Boykin,3213,,
Trevontae Hights,7217,,
Trevor Daniel,5206,,
Trevor Davis,3319,,
Trevor Graham,1045,,
Trevor Harman,2838,,
Trevor Knight,4528,,
Trevor Lawrence,7523,Trevor Lawrence,Trevor Lawrence
Trevor Moore,5397,,
Trevor Siemian,2549,,
Trevor Wood,6263,,
Trey Burton,1793,,
Trey Edmunds,4696,,
Trey Flowers,,Trey Flowers,
Trey Griffey,4324,,
Trey Lance,7610,Trey Lance,Trey Lance
Trey Mcbride,8130,Trey Mcbride,Trey Mcbride
Trey Millard,2262,,
Trey Palmer,9492,Trey Palmer,Trey Palmer
Trey Quinn,5139,,
Trey Ragas,7993,,
Trey Sermon,7593,Trey Sermon,
Trey Watts,2236,,
Trey Williams,2633,,
Trey Wolff,11457,,
Treylon Burks,8135,Treylon Burks,Treylon Burks
Trindon Holliday,1003,,
Trinity Benson,6395,,
Trishton Jackson,7009,,
Tristan Vizcaino,5823,,
Troy Apke,,Troy Apke,
Troy Fumagalli,5092,,
Troy Hairston,8820,Troy Hairston,
Troy Mangen,5245,,
Troy Niklas,2245,,
Troy Williams,5281,,
Troymaine Pope,3934,,
Tua Tagovailoa,6768,Tua Tagovailoa,Tua Tagovailoa
Tucker Fisk,8885,,
Tucker Kraft,9484,Tucker Kraft,Tucker Kraft
Tucker Mccann,7446,,
Tutu Atwell,7562,Tutu Atwell,Tutu Atwell
Ty Chandler,8230,Ty Chandler,Ty Chandler
Ty Fryfogle,8196,,
Ty Hilton,1110,,
Ty Johnson,6039,,
Ty Long,2650,,
Ty Montgomery,2399,,Ty Montgomery
Ty Scott,9491,,
Ty Zentner,11277,,
Ty'Son Williams,7098,,
Tyjae Spears,9508,Tyjae Spears,Tyjae Spears
Tyjon Lindsey,11226,,
Tylan Wallace,7595,Tylan Wallace,Tylan Wallace
Tyler Adams,11357,,
Tyler Allgeier,8132,Tyler Allgeier,Tyler Allgeier
Tyler Badie,8208,,
Tyler Bass,7042,Tyler Bass,Tyler Bass
Tyler Boyd,3225,Tyler Boyd,Tyler Boyd
Tyler Bray,1612,,
Tyler Conklin,5133,Tyler Conklin,Tyler Conklin
Tyler Davis,7131,Tyler Davis,
Tyler Davis,5251,Tyler Davis,
Tyler Eifert,1388,,
Tyler Ervin,3280,,
Tyler Ferguson,4704,,
Tyler Gaffney,2189,,
Tyler Goodson,8207,Tyler Goodson,
Tyler Higbee,3271,Tyler Higbee,Tyler Higbee
Tyler Hoosman,11123,,
Tyler Hoppes,5276,,
Tyler Hudson,11148,,
Tyler Huntley,7083,Tyler Huntley,Tyler Huntley
Tyler Johnson,6960,,
Tyler Kroft,2390,Tyler Kroft,
Tyler Lockett,2374,Tyler Lockett,Tyler Lockett
Tyler Mabry,7427,,
Tyler Mccloskey,4463,,
Tyler Mcdonald,2919,,
Tyler Murphy,2773,,
Tyler Newsome,6563,,
Tyler Renew,4305,,
Tyler Rutenbeck,2910,,
Tyler Scott,9490,Tyler Scott,
Tyler Shelvin,,Tyler Shelvin,
Tyler Simmons,7274,,
Tyler Slavin,2881,,
Tyler Snead,8409,,
Tyler Thigpen,492,,
Tyler Varga,2566,,
Tyler Vaughns,7548,,
Tyquan Thornton,8188,Tyquan Thornton,
Tyre Brady,6049,,
Tyree Jackson,6040,,
Tyree Mayfield,6238,,
Tyreek Hill,3321,Tyreek Hill,Tyreek Hill
Tyreik Mcallister,8749,,
Tyrell Shavers,11377,,
Tyrell Williams,2583,,
Tyrie Cleveland,7032,,
Tyrion Davis-Price,8211,Tyrion Davis-Price,Tyrion Davis-Price
Tyrod Taylor,827,Tyrod Taylor,Tyrod Taylor
Tyron Johnson,6063,,
Tyrone Swoopes,4678,,
Tyshaun James,8656,,
Tyson Bagent,11256,Tyson Bagent,Tyson Bagent
Tyus Bowser,,Tyus Bowser,
Uzoma Nwachukwu,1678,,
Valdez Showers,3660,,
Valentine Holmes,6203,,
Van Jefferson,6853,Van Jefferson,Van Jefferson
Vance Mcdonald,1587,,
Velus Jones,8223,Velus Jones,Velus Jones
Ventell Bryant,6628,,
Ventrell Miller,,Ventrell Miller,
Vernon Davis,200,,
Vernon Johnson,2635,,
Vi Jones,,Vi Jones,
Vick Ballard,1106,,
Victor Bolden,4453,,
Victor Cruz,719,,
Vince Mayle,2428,,
Vince Young,157,,
Vincent Brown,891,,
Vincent Jackson,128,,
Vincent Testaverde,6723,,
Virgil Green,868,,
Visanthe Shiancoe,55,,
Von Miller,,Von Miller,
Vonta Leach,63,,
Vyncint Smith,5260,,
Walter Powell,2247,,
Wan'Dale Robinson,8126,Wan'Dale Robinson,Wan'Dale Robinson
Warren Jackson,7550,,
Washington Commanders,WAS,,Washington Commanders
Wayne Gallman,4150,,
Wayne Taulapapa,11537,,
Wendall Williams,3552,,
Wendell Smallwood,3309,,
Wes Hills,6115,,
Wes Lunt,4406,,
Wes Saxton,2596,,
Wes Welker,177,,
Whop Philyor,7558,,
Wil Lutz,3678,Wil Lutz,Wil Lutz
Will Dissly,5010,Will Dissly,Will Dissly
Will Grier,5903,,
Will Hastings,7367,,
Will Johnson,2984,,
Will Johnson,1250,,
Will Levis,9999,Will Levis,
Will Mallory,10220,Will Mallory,Will Mallory
Will Monday,3449,,
Will Tye,3043,,
William Fuller,3157,,
William Kwenkeu,,William Kwenkeu,
William Stanback,4485,,
Willie Johnson,8881,,
Willie Snead,1911,,
Willis Mcgahee,300,,
Wilton Speight,6237,,
Wyatt Davis,,Wyatt Davis,
Wyatt Houston,4490,,
Xavier Gipson,11306,Xavier Gipson,
Xavier Grimble,2082,,
Xavier Hutchinson,10218,Xavier Hutchinson,
Xavier Jones,7088,,
Xavier Rush,3150,,
Xavier Smith,11168,,
Xavier Turner,6372,,
Xavier Ubosi,6322,,
Xazavian Valladay,10861,,
Younghoe Koo,4666,Younghoe Koo,Younghoe Koo
Zac Brooks,3402,,
Zac Dysert,1455,,
Zac Stacy,1573,,
Zach Charbonnet,9753,Zach Charbonnet,Zach Charbonnet
Zach Conque,4607,,
Zach D'Orazio,2962,,
Zach Davidson,7943,Zach Davidson,
Zach Ertz,1339,Zach Ertz,Zach Ertz
Zach Evans,9222,Zach Evans,Zach Evans
Zach Gentry,6018,,
Zach Hocker,2094,,
Zach Laskey,2880,,
Zach Mettenberger,1935,,
Zach Miller,749,,
Zach Miller,171,,
Zach Olstad,5697,,
Zach Pascal,4319,Zach Pascal,Zach Pascal
Zach Sudfeld,1654,,
Zach Terrell,4924,,
Zach Von,8035,,
Zach Wilson,7538,Zach Wilson,Zach Wilson
Zach Zenner,2560,,
Zack Kuntz,9483,,
Zack Moss,6845,Zack Moss,Zack Moss
Zaire Mitchell-Paden,8799,,
Zamir White,8139,Zamir White,Zamir White
Zander Horvath,8428,,
Zane Gonzalez,4233,Zane Gonzalez,
Zaquandre White,8173,,
Zavier Scott,11299,,
Zay Flowers,9997,Zay Flowers,Zay Flowers
Zay Jones,4080,Zay Jones,Zay Jones
Zay Malone,11189,,
Zech Mcphearson,,Zech Mcphearson,
Zeke Vandenburgh,,Zeke Vandenburgh,
Zimari Manning,7211,,
Zion Bowens,11159,,
Zonovan Knight,8122,,
Zurlon Tipton,1976,,